customerID;gender;Partner;PhoneService;InternetService;OnlineSecurity;OnlineBackup;DeviceProtection;TechSupport;StreamingTV;StreamingMovies;PaperlessBilling
6733-LRIZX;Male;No;Yes;Fiber optic;Yes;No;Yes;Yes;Yes;Yes;Yes
9503-XJUME;Male;No;Yes;No;No internet service;No internet service;No internet service;No internet service;No internet service;No internet service;No
4367-NHWMM;Female;No;No;DSL;No;No;No;No;No;No;Yes
3727-RJMEO;Male;Yes;Yes;Fiber optic;No;No;No;No;Yes;No;Yes
3779-OSWCF;Female;Yes;Yes;DSL;Yes;Yes;Yes;Yes;Yes;Yes;No
6736-DHUQI;Female;Yes;Yes;Fiber optic;Yes;Yes;Yes;No;No;No;No
3915-ODIYG;Male;No;Yes;DSL;Yes;Yes;No;No;No;Yes;Yes
1360-RCYRT;Male;Yes;No;DSL;No;No;No;Yes;No;No;Yes
2724-FJDYW;Male;No;No;DSL;No;No;Yes;Yes;Yes;Yes;No
4451-RWASJ;Male;Yes;Yes;No;No internet service;No internet service;No internet service;No internet service;No internet service;No internet service;Yes
6646-VRFOL;Male;Yes;Yes;Fiber optic;No;Yes;Yes;No;Yes;Yes;Yes
3460-TJBWI;Male;Yes;Yes;No;No internet service;No internet service;No internet service;No internet service;No internet service;No internet service;No
5917-HBSDW;Female;Yes;Yes;No;No internet service;No internet service;No internet service;No internet service;No internet service;No internet service;No
5685-IIXLY;Female;Yes;Yes;Fiber optic;No;Yes;No;No;No;Yes;Yes
5671-UUNXD;Female;Yes;Yes;Fiber optic;No;No;No;Yes;Yes;Yes;Yes
0956-ACVZC;Female;No;Yes;Fiber optic;No;No;Yes;No;Yes;Yes;Yes
2325-NBPZG;Female;No;Yes;Fiber optic;Yes;No;No;No;No;No;Yes
4250-ZBWLV;Male;No;Yes;Fiber optic;No;Yes;Yes;Yes;Yes;Yes;No
4482-FTFFX;Male;No;Yes;DSL;No;No;Yes;Yes;No;No;No
8859-DZTGQ;Male;No;Yes;No;No internet service;No internet service;No internet service;No internet service;No internet service;No internet service;No
0440-MOGPM;Female;No;Yes;DSL;No;Yes;Yes;No;Yes;Yes;Yes
0020-JDNXP;Female;Yes;No;DSL;Yes;No;Yes;Yes;Yes;Yes;No
3752-CQSJI;Female;Yes;Yes;No;No internet service;No internet service;No internet service;No internet service;No internet service;No internet service;Yes
5025-GOOKI;Female;No;Yes;No;No internet service;No internet service;No internet service;No internet service;No internet service;No internet service;Yes
4698-KVLLG;Female;No;Yes;No;No internet service;No internet service;No internet service;No internet service;No internet service;No internet service;No
5095-AESKG;Female;Yes;Yes;Fiber optic;No;Yes;No;No;No;Yes;Yes
2887-JPYLU;Female;No;Yes;DSL;No;No;No;No;No;No;No
4770-QAZXN;Female;No;Yes;No;No internet service;No internet service;No internet service;No internet service;No internet service;No internet service;No
4896-CPRPF;Male;Yes;Yes;No;No internet service;No internet service;No internet service;No internet service;No internet service;No internet service;No
1871-MOWRM;Male;Yes;Yes;Fiber optic;Yes;No;No;Yes;No;No;No
9714-EDSUC;Male;No;Yes;Fiber optic;Yes;Yes;No;Yes;No;Yes;Yes
2027-OAQQC;Female;No;No;DSL;No;No;Yes;No;Yes;Yes;Yes
0282-NVSJS;Female;Yes;No;DSL;No;No;No;Yes;No;No;Yes
9090-SGQXL;Male;Yes;Yes;Fiber optic;No;Yes;Yes;No;Yes;Yes;Yes
6595-YGXIT;Male;No;Yes;Fiber optic;No;Yes;No;No;Yes;No;Yes
7353-YOWFP;Female;No;Yes;No;No internet service;No internet service;No internet service;No internet service;No internet service;No internet service;No
9835-ZIITK;Male;Yes;Yes;Fiber optic;No;Yes;Yes;Yes;Yes;Yes;Yes
8008-ESFLK;Female;Yes;Yes;Fiber optic;Yes;Yes;Yes;Yes;Yes;Yes;No
7537-CBQUZ;Male;No;Yes;Fiber optic;Yes;Yes;Yes;No;Yes;Yes;Yes
1555-DJEQW;Female;Yes;Yes;Fiber optic;Yes;Yes;Yes;Yes;Yes;Yes;Yes
5649-TJHOV;Male;Yes;No;DSL;No;No;No;No;No;Yes;No
0519-XUZJU;Female;No;Yes;Fiber optic;No;No;No;No;No;No;No
3363-EWLGO;Female;No;Yes;No;No internet service;No internet service;No internet service;No internet service;No internet service;No internet service;No
4750-UKWJK;Female;Yes;Yes;No;No internet service;No internet service;No internet service;No internet service;No internet service;No internet service;No
6338-AVWCY;Male;No;No;DSL;No;No;Yes;No;Yes;No;Yes
1689-YQBYY;Female;No;Yes;Fiber optic;No;No;No;No;No;No;Yes
4487-ZYJZK;Female;Yes;Yes;No;No internet service;No internet service;No internet service;No internet service;No internet service;No internet service;No
2959-FENLU;Female;No;Yes;Fiber optic;No;No;Yes;No;No;Yes;Yes
0708-LGSMF;Male;Yes;Yes;DSL;Yes;No;No;No;No;Yes;Yes
9253-QXKBE;Male;Yes;Yes;Fiber optic;No;No;No;No;Yes;Yes;Yes
7634-HLQJR;Female;Yes;Yes;No;No internet service;No internet service;No internet service;No internet service;No internet service;No internet service;No
0487-RPVUM;Male;Yes;Yes;Fiber optic;Yes;No;Yes;Yes;Yes;No;No
4079-ULGFR;Male;No;Yes;No;No internet service;No internet service;No internet service;No internet service;No internet service;No internet service;No
2516-XSJKX;Female;Yes;Yes;DSL;Yes;Yes;No;Yes;Yes;Yes;No
0057-QBUQH;Female;No;Yes;No;No internet service;No internet service;No internet service;No internet service;No internet service;No internet service;Yes
9445-SZLCH;Female;Yes;Yes;Fiber optic;No;Yes;Yes;No;Yes;No;Yes
6599-SFQVE;Female;No;Yes;DSL;No;No;No;No;No;Yes;Yes
8331-ZXFOE;Female;No;Yes;DSL;Yes;Yes;Yes;Yes;No;No;Yes
4003-FUSHP;Male;No;Yes;DSL;No;No;No;Yes;Yes;No;Yes
0356-ERHVT;Male;Yes;Yes;DSL;No;No;No;No;No;No;Yes
7325-ENZFI;Female;No;No;DSL;Yes;Yes;No;Yes;No;No;Yes
4884-ZTHVF;Female;No;Yes;Fiber optic;No;Yes;No;No;Yes;No;Yes
3920-HIHMQ;Female;No;Yes;DSL;No;No;No;No;No;No;Yes
3055-OYMSE;Female;No;Yes;Fiber optic;No;Yes;No;No;No;No;Yes
0613-WUXUM;Female;Yes;Yes;No;No internet service;No internet service;No internet service;No internet service;No internet service;No internet service;Yes
7568-PODML;Male;No;No;DSL;No;No;No;No;Yes;Yes;Yes
4458-KVRBJ;Male;No;Yes;No;No internet service;No internet service;No internet service;No internet service;No internet service;No internet service;No
5349-IECLD;Male;No;Yes;Fiber optic;No;No;Yes;No;Yes;Yes;No
1397-XKKWR;Male;No;No;DSL;Yes;No;Yes;No;No;No;No
3945-GFWQL;Female;No;Yes;DSL;No;No;No;No;No;No;Yes
8097-OMULG;Male;Yes;Yes;DSL;No;Yes;Yes;Yes;Yes;Yes;No
6013-BHCAW;Male;Yes;Yes;DSL;No;No;Yes;Yes;Yes;Yes;Yes
0401-WDBXM;Male;Yes;Yes;Fiber optic;Yes;No;Yes;No;Yes;Yes;Yes
3387-PLKUI;Female;Yes;Yes;No;No internet service;No internet service;No internet service;No internet service;No internet service;No internet service;No
6096-EGVTU;Female;Yes;Yes;No;No internet service;No internet service;No internet service;No internet service;No internet service;No internet service;No
3797-VTIDR;Male;Yes;No;DSL;No;No;No;No;No;No;Yes
5081-NWSUP;Female;No;Yes;DSL;No;Yes;No;Yes;No;Yes;No
2580-ATZSQ;Female;Yes;Yes;DSL;Yes;Yes;Yes;No;No;No;No
8085-MSNLK;Female;Yes;Yes;Fiber optic;Yes;Yes;Yes;Yes;Yes;Yes;No
9691-HKOVS;Female;Yes;Yes;DSL;Yes;Yes;Yes;Yes;Yes;Yes;Yes
9881-VCZEP;Female;Yes;Yes;DSL;No;Yes;No;No;No;No;No
9526-BIHHD;Male;No;No;DSL;Yes;No;No;No;No;No;No
8757-TFHHJ;Male;No;Yes;DSL;Yes;No;No;No;No;No;Yes
4523-WXCEF;Female;Yes;Yes;Fiber optic;No;Yes;No;No;Yes;Yes;No
1468-DEFNC;Male;Yes;Yes;No;No internet service;No internet service;No internet service;No internet service;No internet service;No internet service;Yes
5119-KEPFY;Male;Yes;Yes;Fiber optic;No;No;No;No;Yes;Yes;Yes
8364-TRMMK;Female;No;Yes;DSL;No;No;No;No;No;No;Yes
0916-KNFAJ;Male;Yes;Yes;DSL;Yes;No;Yes;No;No;Yes;Yes
8319-QBEHW;Male;No;No;DSL;No;Yes;No;No;Yes;No;Yes
3063-QFSZL;Female;No;Yes;DSL;No;No;No;No;No;Yes;Yes
8775-LHDJH;Female;Yes;Yes;Fiber optic;No;Yes;No;No;Yes;No;Yes
9625-QNLUX;Male;Yes;Yes;Fiber optic;Yes;Yes;Yes;No;Yes;Yes;Yes
3097-NQYSN;Male;Yes;Yes;Fiber optic;No;No;No;No;Yes;No;Yes
4024-CSNBY;Female;Yes;Yes;Fiber optic;Yes;Yes;Yes;Yes;No;No;Yes
7110-BDTWG;Female;Yes;No;DSL;No;No;Yes;Yes;No;Yes;Yes
7493-GVFIO;Male;No;Yes;No;No internet service;No internet service;No internet service;No internet service;No internet service;No internet service;No
0690-SRQID;Male;No;Yes;No;No internet service;No internet service;No internet service;No internet service;No internet service;No internet service;Yes
9605-WGJVW;Female;No;Yes;Fiber optic;No;No;No;No;No;No;Yes
9114-DPSIA;Male;Yes;Yes;DSL;Yes;Yes;Yes;Yes;No;Yes;No
4700-UBQMV;Male;Yes;Yes;DSL;Yes;No;No;No;Yes;Yes;Yes
7711-GQBZC;Female;Yes;Yes;No;No internet service;No internet service;No internet service;No internet service;No internet service;No internet service;No
3565-UNOCC;Female;Yes;Yes;Fiber optic;No;No;Yes;No;Yes;Yes;Yes
4627-MIHJH;Female;No;Yes;Fiber optic;Yes;No;Yes;Yes;Yes;Yes;No
9795-NREXC;Female;Yes;Yes;DSL;Yes;No;Yes;Yes;Yes;Yes;Yes
8573-CGOCC;Male;No;Yes;No;No internet service;No internet service;No internet service;No internet service;No internet service;No internet service;No
7356-AYNJP;Female;No;Yes;No;No internet service;No internet service;No internet service;No internet service;No internet service;No internet service;No
9249-FXSCK;Female;No;Yes;Fiber optic;Yes;Yes;No;Yes;Yes;Yes;Yes
5493-SDRDQ;Male;No;Yes;DSL;Yes;No;Yes;No;No;No;Yes
6286-SUUWT;Male;No;Yes;No;No internet service;No internet service;No internet service;No internet service;No internet service;No internet service;No
4819-HJPIW;Male;No;No;DSL;No;No;No;No;No;No;No
8654-DHAOW;Female;No;Yes;DSL;No;Yes;No;No;No;No;No
5438-QMDDL;Female;Yes;Yes;DSL;No;Yes;No;No;No;Yes;Yes
9812-GHVRI;Female;No;Yes;Fiber optic;No;No;No;No;No;Yes;No
5553-AOINX;Female;Yes;Yes;Fiber optic;No;Yes;Yes;No;Yes;Yes;Yes
1228-ZLNBX;Male;No;Yes;Fiber optic;No;No;No;No;No;No;No
4226-KKDON;Male;No;Yes;DSL;No;Yes;No;Yes;Yes;No;Yes
3831-YCPUO;Female;Yes;Yes;Fiber optic;Yes;Yes;Yes;Yes;Yes;Yes;Yes
7445-WMRBW;Female;No;Yes;DSL;No;Yes;Yes;Yes;Yes;No;Yes
3308-DGHKL;Male;No;Yes;No;No internet service;No internet service;No internet service;No internet service;No internet service;No internet service;Yes
9924-JPRMC;Male;No;Yes;Fiber optic;Yes;Yes;Yes;Yes;Yes;Yes;Yes
0080-EMYVY;Female;No;Yes;DSL;No;Yes;No;No;No;No;No
6218-KNUBD;Male;No;Yes;DSL;No;Yes;No;No;Yes;No;No
7337-CINUD;Female;Yes;Yes;No;No internet service;No internet service;No internet service;No internet service;No internet service;No internet service;No
7609-NRNCA;Female;No;Yes;No;No internet service;No internet service;No internet service;No internet service;No internet service;No internet service;No
0623-EJQEG;Male;No;Yes;Fiber optic;Yes;No;No;Yes;No;Yes;No
7153-CHRBV;Female;Yes;Yes;DSL;Yes;No;Yes;Yes;No;No;Yes
0871-URUWO;Male;Yes;Yes;Fiber optic;No;No;Yes;No;Yes;Yes;Yes
9190-MFJLN;Male;No;Yes;Fiber optic;No;No;Yes;No;Yes;Yes;Yes
6198-PNNSZ;Female;Yes;Yes;Fiber optic;Yes;Yes;Yes;No;Yes;Yes;No
3317-VLGQT;Female;Yes;Yes;Fiber optic;No;No;No;No;No;Yes;Yes
4132-POCZS;Male;Yes;No;DSL;Yes;No;No;No;No;Yes;Yes
5614-DNZCE;Female;No;Yes;DSL;Yes;Yes;Yes;Yes;No;No;Yes
1095-JUDTC;Female;No;Yes;Fiber optic;No;Yes;No;Yes;Yes;No;Yes
3896-RCYYE;Female;No;No;DSL;No;No;Yes;Yes;Yes;Yes;Yes
9638-JIQYA;Male;No;No;DSL;No;No;No;No;No;No;Yes
3258-SANFR;Male;No;Yes;DSL;No;No;No;No;No;No;No
3726-TBHQT;Male;Yes;Yes;Fiber optic;Yes;Yes;Yes;Yes;Yes;Yes;Yes
3190-ITQXP;Female;Yes;Yes;No;No internet service;No internet service;No internet service;No internet service;No internet service;No internet service;No
0870-VEMYL;Female;No;Yes;DSL;Yes;No;No;Yes;No;No;No
4833-QTJNO;Male;Yes;Yes;Fiber optic;Yes;Yes;No;No;No;No;No
3039-MJSLN;Male;No;Yes;No;No internet service;No internet service;No internet service;No internet service;No internet service;No internet service;No
0178-CIIKR;Female;No;Yes;No;No internet service;No internet service;No internet service;No internet service;No internet service;No internet service;No
5385-SUIRI;Male;Yes;Yes;Fiber optic;Yes;No;Yes;No;Yes;Yes;Yes
3982-XWFZQ;Female;Yes;Yes;DSL;No;No;No;No;No;No;Yes
5774-QPLTF;Male;Yes;Yes;No;No internet service;No internet service;No internet service;No internet service;No internet service;No internet service;Yes
2322-VCZHZ;Male;Yes;Yes;Fiber optic;Yes;Yes;No;No;No;Yes;Yes
5010-IPEAQ;Female;Yes;No;DSL;Yes;Yes;Yes;Yes;Yes;No;No
4009-ALQFH;Female;No;Yes;Fiber optic;No;Yes;Yes;No;Yes;Yes;Yes
6383-ZTSIW;Female;Yes;Yes;Fiber optic;Yes;Yes;No;No;Yes;Yes;No
8990-YOZLV;Female;No;Yes;DSL;Yes;Yes;No;Yes;No;No;Yes
3069-SSVSN;Female;No;No;DSL;No;No;No;No;No;No;No
5222-IMUKT;Male;No;Yes;Fiber optic;No;No;No;No;Yes;Yes;No
3627-FCRDW;Female;No;Yes;Fiber optic;No;No;No;No;No;No;No
7562-GSUHK;Female;No;Yes;Fiber optic;No;Yes;Yes;No;No;Yes;Yes
6685-XSHHU;Male;Yes;Yes;No;No internet service;No internet service;No internet service;No internet service;No internet service;No internet service;Yes
8901-UPRHR;Female;Yes;Yes;Fiber optic;No;Yes;Yes;Yes;Yes;Yes;Yes
4903-UYAVB;Male;Yes;Yes;No;No internet service;No internet service;No internet service;No internet service;No internet service;No internet service;No
0118-JPNOY;Female;No;Yes;Fiber optic;Yes;No;No;No;Yes;No;Yes
6776-TLWOI;Male;No;Yes;No;No internet service;No internet service;No internet service;No internet service;No internet service;No internet service;No
3845-FXCYS;Male;No;Yes;No;No internet service;No internet service;No internet service;No internet service;No internet service;No internet service;Yes
5857-XRECV;Female;No;Yes;No;No internet service;No internet service;No internet service;No internet service;No internet service;No internet service;No
0725-CXOTM;Female;No;Yes;DSL;Yes;No;Yes;Yes;Yes;Yes;Yes
4343-EJVQB;Male;No;Yes;Fiber optic;Yes;No;No;No;No;No;No
9000-PLFUZ;Female;Yes;No;DSL;No;Yes;No;No;Yes;Yes;Yes
3427-GGZZI;Female;Yes;Yes;Fiber optic;No;Yes;No;No;No;Yes;Yes
7779-ORAEL;Male;Yes;Yes;DSL;Yes;No;Yes;Yes;No;Yes;No
0644-OQMDK;Male;No;Yes;Fiber optic;No;No;No;No;No;No;Yes
4077-CROMM;Female;Yes;Yes;Fiber optic;No;No;Yes;Yes;Yes;Yes;Yes
3154-CFSZG;Male;Yes;Yes;Fiber optic;Yes;No;Yes;No;No;Yes;No
2868-MZAGQ;Male;No;Yes;Fiber optic;No;No;No;No;No;Yes;Yes
4847-QNOKA;Female;No;Yes;DSL;No;No;No;No;No;No;Yes
2220-IAHLS;Female;No;Yes;No;No internet service;No internet service;No internet service;No internet service;No internet service;No internet service;No
1658-XUHBX;Female;Yes;Yes;Fiber optic;No;No;Yes;No;No;Yes;Yes
6379-RXJRQ;Male;Yes;Yes;Fiber optic;No;No;No;No;No;No;Yes
2378-HTWFW;Male;No;Yes;Fiber optic;Yes;No;No;No;No;Yes;No
8650-RHRKE;Male;No;No;DSL;No;No;Yes;No;No;No;Yes
4377-VDHYI;Male;Yes;Yes;Fiber optic;Yes;Yes;No;No;No;Yes;Yes
0475-RIJEP;Male;No;Yes;Fiber optic;No;Yes;No;No;No;No;Yes
1260-TTRXI;Male;No;Yes;DSL;No;No;No;No;No;Yes;No
3719-TDVQB;Female;Yes;Yes;No;No internet service;No internet service;No internet service;No internet service;No internet service;No internet service;Yes
6328-ZPBGN;Female;No;Yes;Fiber optic;No;No;No;No;Yes;Yes;Yes
0201-MIBOL;Female;No;Yes;Fiber optic;Yes;No;No;No;Yes;Yes;Yes
4937-QPZPO;Male;Yes;Yes;Fiber optic;No;No;Yes;No;Yes;Yes;Yes
2925-VDZHY;Male;Yes;Yes;DSL;Yes;Yes;Yes;Yes;Yes;Yes;No
6981-TDRFT;Male;Yes;No;DSL;No;No;Yes;Yes;Yes;Yes;Yes
3413-CSSTH;Male;No;Yes;DSL;No;No;Yes;No;No;No;Yes
8033-VCZGH;Male;Yes;Yes;Fiber optic;Yes;No;Yes;No;Yes;Yes;Yes
4789-KWMXN;Male;Yes;Yes;Fiber optic;Yes;No;Yes;Yes;Yes;Yes;Yes
0224-NIJLP;Male;Yes;Yes;No;No internet service;No internet service;No internet service;No internet service;No internet service;No internet service;No
7542-CYDDM;Male;No;Yes;No;No internet service;No internet service;No internet service;No internet service;No internet service;No internet service;No
4718-WXBGI;Male;Yes;Yes;DSL;Yes;Yes;Yes;Yes;Yes;Yes;Yes
2867-UIMSS;Male;No;Yes;Fiber optic;No;No;No;No;No;Yes;No
8495-PRWFH;Female;No;Yes;DSL;No;No;Yes;No;No;No;No
0439-IFYUN;Female;No;Yes;Fiber optic;No;Yes;No;No;No;No;Yes
5716-LIBJC;Female;No;Yes;Fiber optic;No;Yes;Yes;No;Yes;Yes;Yes
2868-LLSKM;Female;Yes;Yes;Fiber optic;No;Yes;No;Yes;No;No;Yes
8111-RKSPX;Male;No;Yes;Fiber optic;No;No;No;No;No;No;Yes
2988-QRAJY;Male;No;Yes;Fiber optic;Yes;Yes;Yes;No;Yes;Yes;Yes
1585-MQSSU;Male;No;Yes;DSL;No;No;No;Yes;No;No;No
0071-NDAFP;Male;Yes;Yes;No;No internet service;No internet service;No internet service;No internet service;No internet service;No internet service;No
2856-NNASM;Male;No;Yes;Fiber optic;No;No;No;No;Yes;Yes;Yes
7328-ZJAJO;Female;Yes;Yes;No;No internet service;No internet service;No internet service;No internet service;No internet service;No internet service;No
6458-CYIDZ;Female;No;Yes;Fiber optic;Yes;Yes;No;No;No;No;No
8559-CIZFV;Male;Yes;Yes;DSL;Yes;Yes;No;Yes;Yes;No;No
1090-PYKCI;Female;Yes;Yes;Fiber optic;Yes;Yes;Yes;Yes;Yes;No;Yes
3058-WQDRE;Male;No;No;DSL;No;No;No;No;No;No;Yes
7547-EKNFS;Male;Yes;Yes;Fiber optic;No;Yes;Yes;No;Yes;No;Yes
2279-AXJJK;Male;Yes;Yes;Fiber optic;No;Yes;No;Yes;No;Yes;Yes
6769-DYBQN;Male;No;Yes;Fiber optic;Yes;No;No;No;No;Yes;No
0909-SELIE;Male;Yes;Yes;DSL;Yes;Yes;Yes;Yes;No;Yes;Yes
3417-TSCIC;Male;No;No;DSL;No;No;No;No;No;No;Yes
1042-HFUCW;Female;No;Yes;DSL;No;Yes;No;Yes;No;No;Yes
4439-JMPMT;Female;Yes;Yes;Fiber optic;No;No;No;Yes;Yes;No;Yes
6537-OTKMY;Male;No;No;DSL;No;No;Yes;No;Yes;Yes;No
8999-EXMNO;Female;Yes;Yes;No;No internet service;No internet service;No internet service;No internet service;No internet service;No internet service;No
6725-TPKJO;Male;No;Yes;No;No internet service;No internet service;No internet service;No internet service;No internet service;No internet service;No
2446-BEGGB;Female;No;Yes;Fiber optic;No;Yes;No;No;Yes;Yes;Yes
7162-WPHPM;Male;Yes;Yes;DSL;Yes;Yes;Yes;Yes;No;No;No
1599-MMYRQ;Male;Yes;Yes;Fiber optic;Yes;Yes;No;No;No;No;Yes
8821-KVZKQ;Female;Yes;No;DSL;No;Yes;Yes;Yes;Yes;Yes;Yes
1496-GGSUK;Female;No;No;DSL;No;No;No;No;No;No;Yes
6434-TTGJP;Male;Yes;No;DSL;Yes;Yes;Yes;Yes;No;Yes;No
0042-JVWOJ;Male;No;Yes;No;No internet service;No internet service;No internet service;No internet service;No internet service;No internet service;Yes
0130-SXOUN;Male;No;Yes;Fiber optic;No;Yes;No;No;No;Yes;No
2575-GFSOE;Female;Yes;Yes;Fiber optic;No;No;No;No;No;No;Yes
2330-PQGDQ;Male;Yes;Yes;Fiber optic;No;Yes;No;Yes;No;No;No
1452-UZOSF;Male;Yes;Yes;Fiber optic;Yes;Yes;Yes;Yes;Yes;No;Yes
2097-YVPKN;Male;No;Yes;No;No internet service;No internet service;No internet service;No internet service;No internet service;No internet service;No
2842-JTCCU;Male;No;Yes;DSL;No;No;No;No;No;No;No
8597-CTXVJ;Male;No;Yes;DSL;Yes;Yes;No;Yes;No;No;No
6631-HMANX;Male;Yes;Yes;DSL;No;Yes;Yes;Yes;Yes;Yes;Yes
9962-BFPDU;Female;Yes;Yes;No;No internet service;No internet service;No internet service;No internet service;No internet service;No internet service;No
3296-SILRA;Female;Yes;Yes;Fiber optic;No;Yes;No;No;No;No;Yes
9681-OXGVC;Female;No;Yes;Fiber optic;No;No;Yes;No;Yes;Yes;Yes
6394-HHHZM;Male;No;Yes;No;No internet service;No internet service;No internet service;No internet service;No internet service;No internet service;No
5995-LFTLE;Male;No;Yes;No;No internet service;No internet service;No internet service;No internet service;No internet service;No internet service;Yes
5180-UCIIQ;Male;Yes;No;DSL;Yes;No;No;No;No;Yes;No
1932-UEDCX;Male;Yes;Yes;Fiber optic;No;Yes;No;No;Yes;Yes;Yes
7153-OANIO;Male;No;Yes;Fiber optic;No;No;No;No;No;No;No
5188-HGMLP;Male;Yes;Yes;Fiber optic;No;No;No;No;No;No;No
0665-XHDJU;Male;Yes;Yes;Fiber optic;No;Yes;No;No;Yes;Yes;Yes
6521-YYTYI;Male;No;Yes;Fiber optic;No;No;No;No;Yes;Yes;Yes
8878-HMWBV;Male;No;Yes;DSL;No;No;Yes;No;No;No;Yes
8265-HKSOW;Female;Yes;Yes;Fiber optic;Yes;Yes;Yes;Yes;No;Yes;No
3544-FBCAS;Female;Yes;Yes;DSL;Yes;Yes;Yes;No;Yes;Yes;Yes
5331-RGMTT;Male;Yes;Yes;Fiber optic;No;No;Yes;No;Yes;Yes;Yes
4759-PXTAN;Female;Yes;Yes;DSL;No;Yes;No;Yes;Yes;Yes;Yes
7054-DMVAS;Male;No;Yes;DSL;Yes;Yes;No;No;Yes;No;Yes
3428-MMGUB;Male;No;Yes;Fiber optic;No;No;Yes;No;Yes;No;Yes
6549-BTYPG;Female;Yes;No;DSL;No;Yes;Yes;Yes;Yes;Yes;No
7823-JSOAG;Male;No;Yes;Fiber optic;No;No;No;No;No;No;No
3705-RHRFR;Female;Yes;Yes;Fiber optic;Yes;No;No;No;Yes;Yes;No
9374-YOLBJ;Female;Yes;Yes;No;No internet service;No internet service;No internet service;No internet service;No internet service;No internet service;No
9074-KGVOX;Male;Yes;No;DSL;Yes;No;No;No;Yes;No;Yes
6128-DAFVY;Female;No;No;DSL;No;No;No;No;Yes;Yes;Yes
9933-QRGTX;Female;Yes;Yes;Fiber optic;Yes;No;No;Yes;Yes;Yes;Yes
4476-OSWTN;Male;Yes;Yes;Fiber optic;Yes;No;Yes;Yes;Yes;Yes;Yes
3751-KTZEL;Female;No;No;DSL;No;No;No;No;No;Yes;No
1977-STDKI;Female;No;Yes;Fiber optic;No;Yes;No;No;No;No;Yes
5066-GFJMM;Female;Yes;Yes;No;No internet service;No internet service;No internet service;No internet service;No internet service;No internet service;Yes
2661-GKBTK;Male;Yes;Yes;DSL;No;Yes;No;Yes;Yes;Yes;No
0458-HEUZG;Female;No;No;DSL;No;No;Yes;Yes;No;No;No
7268-WNTCP;Male;Yes;Yes;No;No internet service;No internet service;No internet service;No internet service;No internet service;No internet service;No
0824-VWDPO;Female;No;Yes;Fiber optic;Yes;Yes;No;No;No;Yes;No
8409-WQJUX;Female;No;No;DSL;No;No;Yes;Yes;Yes;Yes;No
2578-JQPHZ;Male;No;Yes;Fiber optic;No;No;Yes;Yes;Yes;Yes;No
3278-FSIXX;Female;No;Yes;DSL;No;No;No;No;No;No;Yes
5813-UECBU;Male;No;Yes;Fiber optic;No;Yes;Yes;No;No;No;Yes
0328-GRPMV;Female;No;Yes;Fiber optic;No;No;No;No;No;No;Yes
9746-UGFAC;Female;No;Yes;No;No internet service;No internet service;No internet service;No internet service;No internet service;No internet service;No
2946-KIQSP;Female;No;No;DSL;No;No;Yes;Yes;No;No;Yes
0625-AFOHS;Female;Yes;Yes;No;No internet service;No internet service;No internet service;No internet service;No internet service;No internet service;No
6726-WEXXK;Male;Yes;Yes;Fiber optic;Yes;No;Yes;No;No;No;Yes
4636-OLWOE;Male;No;Yes;DSL;No;Yes;Yes;Yes;No;No;Yes
4342-HENTK;Female;No;Yes;Fiber optic;No;No;No;No;No;No;Yes
4685-ERGHK;Male;No;Yes;Fiber optic;No;No;No;No;Yes;No;Yes
0885-HMGPY;Male;No;Yes;DSL;Yes;Yes;Yes;Yes;No;No;No
5003-OKNNK;Female;Yes;Yes;No;No internet service;No internet service;No internet service;No internet service;No internet service;No internet service;No
4195-SMMNX;Male;No;Yes;No;No internet service;No internet service;No internet service;No internet service;No internet service;No internet service;No
7208-PSIHR;Female;Yes;Yes;Fiber optic;No;No;Yes;Yes;Yes;Yes;Yes
4012-ZTHBR;Female;Yes;Yes;DSL;No;No;No;No;No;No;Yes
0489-WMEMG;Female;No;Yes;DSL;No;No;No;Yes;No;No;Yes
7435-ZNUYY;Male;No;Yes;No;No internet service;No internet service;No internet service;No internet service;No internet service;No internet service;No
1354-YZFNB;Male;Yes;Yes;No;No internet service;No internet service;No internet service;No internet service;No internet service;No internet service;No
6956-SMUCM;Female;No;Yes;Fiber optic;Yes;No;Yes;No;Yes;Yes;Yes
2985-FMWYF;Female;No;Yes;Fiber optic;No;No;No;No;Yes;Yes;Yes
2812-ENYMO;Male;No;No;DSL;Yes;No;No;Yes;Yes;Yes;No
2717-HVIZY;Female;No;Yes;No;No internet service;No internet service;No internet service;No internet service;No internet service;No internet service;No
3223-WZWJM;Male;No;Yes;Fiber optic;No;No;No;No;No;Yes;Yes
3422-GALYP;Male;No;Yes;Fiber optic;No;Yes;No;No;No;No;Yes
9053-JZFKV;Male;No;Yes;Fiber optic;Yes;Yes;Yes;Yes;Yes;Yes;No
2530-ENDWQ;Female;Yes;Yes;Fiber optic;No;No;No;No;Yes;Yes;Yes
2890-WFBHU;Female;No;Yes;DSL;Yes;Yes;Yes;Yes;No;Yes;No
0327-WFZSY;Male;Yes;Yes;Fiber optic;No;No;Yes;No;Yes;Yes;No
7977-HXJKU;Male;No;Yes;No;No internet service;No internet service;No internet service;No internet service;No internet service;No internet service;No
6615-ZGEDR;Male;No;Yes;No;No internet service;No internet service;No internet service;No internet service;No internet service;No internet service;No
7033-CLAMM;Female;Yes;Yes;No;No internet service;No internet service;No internet service;No internet service;No internet service;No internet service;No
4023-RTIQM;Female;Yes;No;DSL;Yes;Yes;Yes;No;No;Yes;Yes
0864-FVJNJ;Female;Yes;Yes;Fiber optic;Yes;Yes;Yes;Yes;Yes;Yes;No
7356-IWLFW;Male;Yes;Yes;Fiber optic;No;Yes;No;No;No;No;Yes
9541-PWTWO;Female;No;Yes;DSL;No;No;Yes;Yes;Yes;Yes;Yes
3967-VQOGC;Female;Yes;Yes;No;No internet service;No internet service;No internet service;No internet service;No internet service;No internet service;Yes
7872-RDDLZ;Female;No;Yes;DSL;No;Yes;No;No;No;No;No
9250-WYPLL;Female;No;Yes;Fiber optic;No;No;No;No;No;No;No
6308-CQRBU;Female;Yes;Yes;Fiber optic;No;Yes;Yes;Yes;Yes;Yes;No
2754-XBHTB;Female;No;Yes;Fiber optic;No;No;No;No;Yes;No;Yes
1597-LHYNC;Female;No;Yes;Fiber optic;Yes;Yes;No;No;No;Yes;Yes
0186-CAERR;Male;No;Yes;Fiber optic;Yes;Yes;Yes;Yes;Yes;Yes;Yes
3043-SUDUA;Female;No;Yes;No;No internet service;No internet service;No internet service;No internet service;No internet service;No internet service;No
5442-BHQNG;Female;No;Yes;Fiber optic;No;No;No;No;No;No;No
2169-RRLFW;Female;Yes;Yes;No;No internet service;No internet service;No internet service;No internet service;No internet service;No internet service;No
5872-OEQNH;Female;No;No;DSL;Yes;No;Yes;No;No;Yes;Yes
3162-KKZXO;Female;No;Yes;Fiber optic;No;No;Yes;No;Yes;Yes;Yes
7055-VKGDA;Male;No;Yes;Fiber optic;Yes;Yes;No;Yes;Yes;Yes;Yes
0754-UKWQP;Male;No;Yes;Fiber optic;No;No;Yes;No;Yes;Yes;Yes
8873-GLDMH;Female;No;Yes;Fiber optic;No;No;No;No;No;No;Yes
5696-JVVQY;Female;Yes;Yes;DSL;Yes;Yes;Yes;No;No;Yes;Yes
8946-BFWSG;Male;Yes;Yes;No;No internet service;No internet service;No internet service;No internet service;No internet service;No internet service;No
7493-TPUWZ;Male;No;Yes;Fiber optic;No;Yes;No;No;No;No;Yes
0547-HURJB;Male;No;Yes;No;No internet service;No internet service;No internet service;No internet service;No internet service;No internet service;No
8904-OPDCK;Male;Yes;No;DSL;No;No;No;No;No;No;Yes
8845-LWKGE;Female;Yes;Yes;DSL;No;No;Yes;Yes;Yes;No;Yes
1577-HKTFG;Female;Yes;Yes;No;No internet service;No internet service;No internet service;No internet service;No internet service;No internet service;No
8752-STIVR;Female;No;Yes;Fiber optic;No;No;No;No;Yes;No;Yes
0691-NIKRI;Female;No;Yes;Fiber optic;No;No;Yes;Yes;Yes;Yes;Yes
5022-JNQEQ;Female;Yes;Yes;Fiber optic;No;No;No;Yes;No;No;Yes
4558-FANTW;Female;Yes;Yes;Fiber optic;Yes;No;No;Yes;Yes;No;No
3249-VHRIP;Female;No;No;DSL;No;Yes;Yes;No;No;Yes;Yes
3736-BLEPA;Male;No;Yes;Fiber optic;No;Yes;No;Yes;Yes;No;Yes
4701-LKOZD;Female;No;Yes;DSL;Yes;Yes;Yes;Yes;Yes;Yes;No
6603-QWSPR;Female;No;Yes;Fiber optic;No;Yes;Yes;Yes;Yes;Yes;Yes
9921-QFQUL;Female;Yes;Yes;Fiber optic;No;No;Yes;No;No;Yes;No
1929-ZCBHE;Male;Yes;No;DSL;Yes;No;Yes;Yes;No;No;No
4378-MYPGO;Male;Yes;Yes;Fiber optic;Yes;Yes;Yes;No;Yes;Yes;Yes
8651-ENBZX;Female;No;Yes;Fiber optic;No;No;Yes;Yes;Yes;Yes;Yes
4129-LYCOI;Female;No;Yes;Fiber optic;No;Yes;No;Yes;Yes;Yes;Yes
7798-JVXYM;Female;No;Yes;DSL;No;No;No;Yes;Yes;Yes;Yes
8647-SDTWQ;Male;Yes;Yes;Fiber optic;No;No;No;No;No;No;Yes
2696-ECXKC;Female;Yes;Yes;Fiber optic;Yes;No;No;No;Yes;Yes;No
2081-KJSQF;Male;No;Yes;No;No internet service;No internet service;No internet service;No internet service;No internet service;No internet service;Yes
7623-TRNQN;Male;No;Yes;DSL;No;No;No;Yes;No;No;Yes
3323-CPBWR;Male;No;Yes;Fiber optic;No;No;Yes;Yes;Yes;No;Yes
9330-IJWIO;Female;No;Yes;Fiber optic;Yes;No;No;No;Yes;Yes;Yes
3384-CTMSF;Male;Yes;Yes;Fiber optic;No;Yes;Yes;No;Yes;Yes;Yes
0902-RFHOF;Male;No;Yes;No;No internet service;No internet service;No internet service;No internet service;No internet service;No internet service;No
9286-DOJGF;Female;Yes;Yes;Fiber optic;No;No;No;No;No;No;Yes
6048-QBXKL;Female;No;Yes;DSL;No;Yes;No;No;No;No;Yes
9661-MHUMO;Male;Yes;Yes;DSL;No;No;No;Yes;No;No;Yes
7718-RXDGG;Male;Yes;Yes;Fiber optic;No;No;No;No;No;No;Yes
1025-FALIX;Female;No;Yes;Fiber optic;No;No;No;No;No;No;Yes
3451-VAWLI;Female;Yes;Yes;No;No internet service;No internet service;No internet service;No internet service;No internet service;No internet service;No
3407-QGWLG;Male;No;Yes;No;No internet service;No internet service;No internet service;No internet service;No internet service;No internet service;Yes
1842-EZJMK;Male;Yes;Yes;Fiber optic;No;Yes;No;Yes;Yes;Yes;No
2347-WKKAE;Male;Yes;Yes;Fiber optic;Yes;No;Yes;No;No;Yes;Yes
8735-DCXNF;Male;Yes;Yes;DSL;Yes;No;No;Yes;No;No;Yes
3214-IYUUQ;Female;Yes;Yes;Fiber optic;Yes;Yes;No;Yes;No;Yes;No
1936-UAFEH;Female;No;Yes;Fiber optic;Yes;Yes;No;Yes;Yes;Yes;No
3587-PMCOY;Male;No;Yes;Fiber optic;Yes;No;Yes;No;Yes;Yes;Yes
8079-XRJRS;Male;Yes;Yes;Fiber optic;Yes;Yes;Yes;No;No;No;No
1027-LKKQQ;Female;Yes;Yes;DSL;Yes;No;Yes;Yes;Yes;Yes;Yes
7148-XZPHA;Male;Yes;Yes;Fiber optic;No;Yes;No;Yes;No;No;No
8073-IJDCM;Female;No;Yes;No;No internet service;No internet service;No internet service;No internet service;No internet service;No internet service;Yes
5309-TAIKL;Female;No;Yes;DSL;No;No;Yes;Yes;No;Yes;No
6856-RAURS;Female;No;Yes;Fiber optic;No;No;No;No;No;No;Yes
8778-LMWTJ;Female;No;Yes;Fiber optic;Yes;No;No;No;No;No;Yes
9717-IOAAF;Male;No;Yes;No;No internet service;No internet service;No internet service;No internet service;No internet service;No internet service;Yes
8884-ADFVN;Male;Yes;Yes;Fiber optic;No;No;Yes;No;Yes;Yes;Yes
2845-KDHVX;Female;Yes;Yes;DSL;No;Yes;Yes;Yes;No;Yes;Yes
0848-SOMKO;Male;No;No;DSL;Yes;No;Yes;Yes;No;Yes;No
2720-WGKHP;Male;No;Yes;Fiber optic;No;No;No;No;Yes;Yes;Yes
6734-FQAJX;Male;No;Yes;Fiber optic;Yes;Yes;No;Yes;Yes;Yes;Yes
2869-ADAWR;Female;No;Yes;Fiber optic;No;Yes;No;No;Yes;No;Yes
1535-VTJOQ;Female;No;Yes;No;No internet service;No internet service;No internet service;No internet service;No internet service;No internet service;No
6368-TZZDT;Male;Yes;Yes;No;No internet service;No internet service;No internet service;No internet service;No internet service;No internet service;No
0943-ZQPXH;Male;Yes;Yes;Fiber optic;No;No;Yes;No;Yes;Yes;Yes
1293-BSEUN;Female;Yes;Yes;No;No internet service;No internet service;No internet service;No internet service;No internet service;No internet service;Yes
9894-EZEWG;Female;No;Yes;Fiber optic;No;Yes;No;No;No;No;Yes
1302-TPUBN;Male;No;Yes;No;No internet service;No internet service;No internet service;No internet service;No internet service;No internet service;No
7851-FLGGQ;Male;No;No;DSL;No;Yes;No;Yes;No;Yes;Yes
0637-UBJRP;Male;Yes;Yes;Fiber optic;Yes;No;No;No;No;Yes;No
0940-OUQEC;Male;No;Yes;Fiber optic;No;Yes;No;No;No;No;Yes
2378-VTKDH;Male;Yes;Yes;Fiber optic;No;Yes;Yes;No;Yes;Yes;Yes
0927-CNGRH;Male;No;Yes;No;No internet service;No internet service;No internet service;No internet service;No internet service;No internet service;No
8608-OZTLB;Male;Yes;Yes;DSL;Yes;Yes;Yes;Yes;Yes;No;No
2335-GSODA;Male;No;No;DSL;Yes;No;Yes;Yes;No;No;No
1952-DVVSW;Female;Yes;Yes;No;No internet service;No internet service;No internet service;No internet service;No internet service;No internet service;No
0702-PGIBZ;Male;No;Yes;Fiber optic;No;Yes;No;No;Yes;Yes;Yes
6656-GULJQ;Male;Yes;Yes;DSL;Yes;No;Yes;Yes;Yes;Yes;Yes
9853-JFZDU;Female;Yes;Yes;DSL;No;Yes;No;Yes;No;No;No
1963-VAUKV;Female;No;Yes;No;No internet service;No internet service;No internet service;No internet service;No internet service;No internet service;No
3777-XROBG;Female;Yes;Yes;No;No internet service;No internet service;No internet service;No internet service;No internet service;No internet service;No
6994-FGRHH;Male;Yes;Yes;Fiber optic;No;Yes;Yes;Yes;Yes;Yes;Yes
4000-VGMQP;Male;Yes;Yes;DSL;No;Yes;Yes;No;Yes;Yes;No
3999-WRNGR;Female;Yes;No;DSL;No;Yes;No;No;Yes;Yes;Yes
3466-RITXD;Male;No;Yes;Fiber optic;Yes;Yes;No;No;Yes;No;Yes
2680-XKKNJ;Female;No;Yes;DSL;Yes;Yes;No;Yes;No;No;No
3058-HJCUY;Male;Yes;Yes;Fiber optic;No;No;Yes;Yes;Yes;Yes;Yes
2974-GGUXS;Female;Yes;Yes;Fiber optic;No;Yes;No;No;Yes;No;Yes
7994-XIRTR;Male;No;Yes;DSL;No;No;Yes;Yes;No;Yes;No
3259-FDWOY;Male;Yes;Yes;Fiber optic;No;Yes;Yes;No;Yes;Yes;Yes
2101-RANCD;Female;No;Yes;Fiber optic;No;No;No;No;No;No;Yes
7921-BEPCI;Female;No;Yes;DSL;Yes;Yes;No;No;No;No;No
0807-ZABDG;Female;No;Yes;DSL;Yes;No;No;Yes;No;No;Yes
8510-TMWYB;Female;Yes;Yes;DSL;No;Yes;Yes;No;No;No;Yes
3258-ZKPAI;Male;Yes;Yes;Fiber optic;Yes;Yes;Yes;Yes;Yes;Yes;Yes
1428-IEDPR;Male;No;Yes;Fiber optic;Yes;No;Yes;Yes;Yes;Yes;Yes
5298-GSTLM;Female;No;Yes;Fiber optic;Yes;No;No;No;Yes;Yes;Yes
4450-YOOHP;Female;No;No;DSL;No;No;Yes;No;Yes;Yes;Yes
6728-CZFEI;Female;No;Yes;DSL;No;No;No;No;Yes;No;No
5748-RNCJT;Male;No;Yes;Fiber optic;No;No;Yes;Yes;Yes;Yes;Yes
3653-NCRDJ;Male;Yes;Yes;No;No internet service;No internet service;No internet service;No internet service;No internet service;No internet service;Yes
6121-TNHBO;Female;No;Yes;DSL;Yes;Yes;Yes;Yes;Yes;No;No
5119-NZPTV;Male;Yes;Yes;Fiber optic;No;No;No;No;No;No;No
6519-ZHPXP;Female;Yes;Yes;Fiber optic;Yes;Yes;Yes;Yes;Yes;Yes;Yes
7739-LAXOG;Female;Yes;Yes;Fiber optic;No;No;Yes;No;No;Yes;Yes
3472-QPRCH;Male;Yes;Yes;No;No internet service;No internet service;No internet service;No internet service;No internet service;No internet service;No
8224-UAXBZ;Female;Yes;No;DSL;Yes;Yes;No;No;Yes;No;Yes
9610-WCESF;Male;No;No;DSL;Yes;No;No;Yes;Yes;No;No
9776-CLUJA;Female;Yes;Yes;Fiber optic;Yes;No;No;No;No;No;Yes
2486-WYVVE;Male;Yes;Yes;DSL;No;No;Yes;Yes;Yes;Yes;Yes
3865-ZYKAD;Male;Yes;Yes;Fiber optic;Yes;Yes;No;No;No;No;Yes
1422-DGUBX;Male;Yes;Yes;Fiber optic;No;No;No;Yes;No;No;Yes
2999-AANRQ;Female;No;Yes;DSL;Yes;Yes;No;Yes;Yes;No;No
8668-KNZTI;Male;No;Yes;DSL;Yes;No;Yes;No;No;No;No
0480-KYJVA;Female;Yes;Yes;No;No internet service;No internet service;No internet service;No internet service;No internet service;No internet service;No
6034-ZRYCV;Female;Yes;No;DSL;No;Yes;Yes;No;Yes;Yes;Yes
9746-YKGXB;Male;Yes;No;DSL;Yes;No;Yes;No;No;Yes;No
3926-YZVVX;Female;No;Yes;DSL;No;No;No;Yes;No;No;No
6000-UKLWI;Male;No;Yes;No;No internet service;No internet service;No internet service;No internet service;No internet service;No internet service;No
2079-FBMZK;Female;No;Yes;Fiber optic;No;No;No;No;No;No;Yes
6332-FBZRI;Male;Yes;Yes;DSL;Yes;Yes;Yes;Yes;No;No;Yes
2096-XOTMO;Female;Yes;Yes;No;No internet service;No internet service;No internet service;No internet service;No internet service;No internet service;No
3266-FTKHB;Male;No;Yes;No;No internet service;No internet service;No internet service;No internet service;No internet service;No internet service;No
8221-EQDGL;Male;Yes;Yes;DSL;Yes;Yes;Yes;No;No;No;No
2346-LOCWC;Female;Yes;Yes;No;No internet service;No internet service;No internet service;No internet service;No internet service;No internet service;No
6608-QQLVK;Male;No;Yes;DSL;No;No;Yes;No;No;No;Yes
0298-XACET;Male;Yes;No;DSL;No;Yes;Yes;Yes;Yes;No;No
7560-QJAVJ;Female;No;Yes;DSL;Yes;No;Yes;Yes;Yes;Yes;No
2995-YWTCD;Female;Yes;Yes;No;No internet service;No internet service;No internet service;No internet service;No internet service;No internet service;Yes
3551-HUAZH;Male;No;Yes;Fiber optic;No;No;No;No;No;No;Yes
9137-UIYPG;Female;Yes;Yes;Fiber optic;Yes;No;Yes;Yes;Yes;Yes;Yes
2809-ZMYOQ;Female;No;Yes;Fiber optic;No;No;Yes;No;Yes;Yes;Yes
5084-OOVCJ;Female;Yes;Yes;DSL;Yes;No;No;Yes;No;No;Yes
0254-WWRKD;Female;Yes;Yes;DSL;No;Yes;No;No;No;No;No
7727-SHVZV;Female;No;Yes;No;No internet service;No internet service;No internet service;No internet service;No internet service;No internet service;No
6302-JGYRJ;Male;No;Yes;DSL;No;Yes;No;Yes;Yes;Yes;Yes
5339-PXDVH;Male;No;Yes;Fiber optic;Yes;No;No;No;Yes;No;No
2205-LPVGL;Male;Yes;Yes;Fiber optic;Yes;Yes;No;Yes;No;No;Yes
8782-NUUOL;Male;No;Yes;DSL;Yes;No;Yes;Yes;Yes;Yes;No
3685-YLCMQ;Male;No;Yes;Fiber optic;No;No;Yes;Yes;Yes;Yes;Yes
7601-WFVZV;Male;No;Yes;No;No internet service;No internet service;No internet service;No internet service;No internet service;No internet service;No
4609-KNNWG;Female;Yes;Yes;No;No internet service;No internet service;No internet service;No internet service;No internet service;No internet service;No
4868-AADLV;Male;Yes;Yes;Fiber optic;Yes;Yes;Yes;Yes;Yes;Yes;Yes
9529-OFXHY;Male;No;Yes;Fiber optic;Yes;No;No;No;Yes;No;Yes
8634-MPHTR;Male;Yes;Yes;Fiber optic;No;No;Yes;No;Yes;Yes;Yes
2669-QVCRG;Female;No;Yes;Fiber optic;Yes;No;No;No;No;No;Yes
2478-EEWWM;Male;Yes;No;DSL;No;No;No;No;Yes;Yes;Yes
9174-IHETN;Female;No;Yes;Fiber optic;No;No;No;No;No;No;No
2233-TXSIU;Male;Yes;No;DSL;Yes;No;Yes;No;Yes;No;No
9644-UMGQA;Male;Yes;Yes;DSL;Yes;No;No;No;No;No;Yes
3256-EZDBI;Male;Yes;No;DSL;No;Yes;No;No;No;No;Yes
8761-NSOBC;Male;No;Yes;Fiber optic;No;Yes;No;Yes;Yes;Yes;No
0419-YAAPX;Male;Yes;Yes;Fiber optic;No;Yes;No;No;Yes;No;Yes
8413-VONUO;Male;No;Yes;Fiber optic;No;Yes;No;No;Yes;Yes;No
0872-CASZJ;Male;Yes;Yes;DSL;Yes;No;No;Yes;No;Yes;Yes
4726-DLWQN;Male;No;Yes;DSL;Yes;Yes;No;No;Yes;No;Yes
8164-OCKUJ;Female;Yes;Yes;No;No internet service;No internet service;No internet service;No internet service;No internet service;No internet service;No
3094-JOJAI;Male;No;Yes;Fiber optic;No;No;No;No;No;No;No
9494-MRNYX;Male;No;Yes;Fiber optic;No;No;No;No;No;No;No
2599-CZABP;Male;Yes;Yes;DSL;No;No;No;No;No;No;No
7945-PRBVF;Male;No;Yes;No;No internet service;No internet service;No internet service;No internet service;No internet service;No internet service;No
4544-RXFMG;Male;Yes;Yes;DSL;No;No;No;No;No;No;Yes
0859-YGKFW;Male;Yes;Yes;No;No internet service;No internet service;No internet service;No internet service;No internet service;No internet service;No
1150-FTQGN;Female;Yes;Yes;Fiber optic;Yes;Yes;No;No;Yes;No;No
9223-UCPVT;Female;No;Yes;Fiber optic;No;No;Yes;No;Yes;Yes;No
7196-LIWRH;Female;No;Yes;No;No internet service;No internet service;No internet service;No internet service;No internet service;No internet service;No
5448-VWNAM;Female;No;Yes;DSL;Yes;Yes;No;Yes;Yes;No;Yes
1177-XZBJL;Male;Yes;Yes;DSL;Yes;Yes;No;Yes;No;No;No
3518-FSTWG;Male;Yes;Yes;Fiber optic;Yes;Yes;Yes;No;Yes;Yes;Yes
9330-VOFSZ;Female;Yes;Yes;Fiber optic;No;Yes;Yes;Yes;Yes;Yes;Yes
4351-QLCSU;Female;No;Yes;DSL;No;No;No;No;Yes;No;Yes
0939-EREMR;Female;No;Yes;DSL;No;No;Yes;Yes;No;No;No
9389-ACWBI;Female;Yes;Yes;Fiber optic;No;No;No;No;No;No;No
5419-JPRRN;Male;No;Yes;Fiber optic;No;No;Yes;No;Yes;Yes;Yes
3644-QXEHN;Male;Yes;Yes;Fiber optic;No;No;Yes;No;Yes;Yes;No
2911-IJORQ;Male;No;Yes;DSL;Yes;Yes;Yes;Yes;Yes;Yes;Yes
5921-NGYRH;Male;Yes;Yes;Fiber optic;Yes;No;No;No;No;No;Yes
2100-BDNSN;Female;Yes;Yes;DSL;No;No;Yes;Yes;Yes;No;No
5998-DZLYR;Female;Yes;Yes;Fiber optic;No;Yes;No;Yes;No;Yes;Yes
0488-GSLFR;Female;No;Yes;Fiber optic;No;No;No;No;No;No;Yes
9318-NKNFC;Male;No;Yes;No;No internet service;No internet service;No internet service;No internet service;No internet service;No internet service;Yes
3985-HOYPM;Male;No;Yes;No;No internet service;No internet service;No internet service;No internet service;No internet service;No internet service;No
9728-FTTVZ;Female;No;Yes;Fiber optic;No;No;No;No;No;No;Yes
9548-LERKT;Male;Yes;Yes;No;No internet service;No internet service;No internet service;No internet service;No internet service;No internet service;No
6576-FBXOJ;Male;Yes;No;DSL;No;No;Yes;Yes;Yes;Yes;No
4310-KEDTB;Female;No;No;DSL;No;No;Yes;No;No;No;Yes
7254-IQWOZ;Male;No;Yes;Fiber optic;No;No;No;No;No;No;Yes
2474-BRUCM;Male;Yes;Yes;Fiber optic;Yes;No;No;No;Yes;Yes;No
4062-HBMOS;Male;No;Yes;Fiber optic;No;Yes;Yes;No;Yes;Yes;Yes
0742-NXBGR;Female;No;Yes;Fiber optic;No;Yes;Yes;No;No;No;Yes
2676-ISHSF;Male;No;Yes;No;No internet service;No internet service;No internet service;No internet service;No internet service;No internet service;No
9236-NDUCW;Female;No;No;DSL;Yes;No;No;Yes;No;No;No
4753-PADAS;Female;Yes;Yes;Fiber optic;No;Yes;Yes;No;Yes;Yes;Yes
6103-QCKFX;Female;Yes;Yes;DSL;Yes;No;No;Yes;No;No;No
7781-EWARA;Male;Yes;No;DSL;No;Yes;Yes;Yes;Yes;Yes;No
6110-OHIHY;Male;No;Yes;Fiber optic;No;No;No;No;Yes;No;No
7018-FPXHH;Male;Yes;Yes;DSL;Yes;Yes;Yes;No;No;No;Yes
5889-LFOLL;Female;No;Yes;Fiber optic;No;No;No;No;No;Yes;Yes
5708-EVONK;Female;Yes;Yes;Fiber optic;Yes;Yes;No;No;No;Yes;Yes
8708-XPXHZ;Female;Yes;Yes;Fiber optic;No;No;No;No;Yes;Yes;Yes
0616-ATFGB;Male;Yes;No;DSL;No;No;No;No;No;No;No
0572-ZJKLT;Female;Yes;Yes;Fiber optic;Yes;No;Yes;Yes;No;Yes;No
5135-RDDQL;Female;Yes;Yes;DSL;Yes;No;No;No;No;No;Yes
1353-LJWEM;Male;No;Yes;DSL;No;Yes;Yes;Yes;No;No;Yes
1794-SWWKL;Male;Yes;Yes;DSL;No;No;Yes;Yes;No;No;Yes
6166-YIPFO;Male;Yes;No;DSL;Yes;Yes;Yes;Yes;Yes;Yes;Yes
7016-BPGEU;Female;No;No;DSL;No;No;No;No;No;No;Yes
6876-ADESB;Male;No;Yes;DSL;No;No;Yes;No;No;No;No
9332-GYWLO;Female;Yes;Yes;DSL;No;No;No;No;Yes;No;No
1963-SVUCV;Male;No;Yes;DSL;No;No;No;No;No;No;No
4184-VODJZ;Male;Yes;Yes;Fiber optic;No;Yes;No;No;No;Yes;Yes
0220-EBGCE;Male;No;Yes;Fiber optic;No;No;Yes;No;No;Yes;Yes
1092-WPIVQ;Female;Yes;Yes;No;No internet service;No internet service;No internet service;No internet service;No internet service;No internet service;No
7233-IOQNP;Female;Yes;No;DSL;Yes;No;No;Yes;No;No;No
2834-JKOOW;Female;No;No;DSL;Yes;Yes;Yes;Yes;No;No;No
2754-VDLTR;Male;No;Yes;Fiber optic;No;No;No;No;Yes;Yes;No
2400-FEQME;Male;Yes;Yes;No;No internet service;No internet service;No internet service;No internet service;No internet service;No internet service;No
3190-XFANI;Male;No;Yes;Fiber optic;No;No;No;Yes;Yes;Yes;Yes
7551-DACSP;Male;Yes;Yes;DSL;No;Yes;Yes;No;No;No;Yes
4957-SREEC;Male;Yes;Yes;No;No internet service;No internet service;No internet service;No internet service;No internet service;No internet service;No
7235-NXZCP;Male;No;Yes;Fiber optic;No;No;No;No;No;No;Yes
0230-UBYPQ;Male;Yes;No;DSL;Yes;No;No;Yes;No;No;No
4923-ADWXJ;Female;No;Yes;DSL;No;Yes;No;Yes;No;Yes;Yes
1763-KUAAW;Female;No;Yes;No;No internet service;No internet service;No internet service;No internet service;No internet service;No internet service;No
1104-TNLZA;Male;Yes;Yes;Fiber optic;No;Yes;No;Yes;Yes;Yes;Yes
5195-KPUNQ;Female;No;Yes;Fiber optic;Yes;Yes;No;Yes;No;Yes;Yes
0520-FDVVT;Male;No;Yes;Fiber optic;No;Yes;Yes;No;Yes;Yes;Yes
3439-GVUSX;Male;No;No;DSL;No;No;No;No;No;No;No
1444-VVSGW;Male;Yes;Yes;Fiber optic;Yes;Yes;Yes;Yes;Yes;Yes;No
5712-PTIWW;Male;No;Yes;Fiber optic;No;No;Yes;Yes;No;No;Yes
5949-HGVJL;Female;Yes;Yes;DSL;No;Yes;No;Yes;Yes;Yes;Yes
5203-XEHAX;Female;No;Yes;DSL;Yes;Yes;No;No;No;Yes;No
1635-HDGFT;Female;No;Yes;No;No internet service;No internet service;No internet service;No internet service;No internet service;No internet service;No
3315-TOTBP;Male;No;Yes;Fiber optic;No;No;No;No;No;No;Yes
8050-XGRVL;Female;Yes;Yes;DSL;Yes;No;Yes;No;No;No;No
6661-HBGWL;Female;No;Yes;Fiber optic;No;Yes;Yes;No;Yes;Yes;Yes
1518-VOWAV;Female;No;Yes;DSL;Yes;Yes;No;No;Yes;Yes;Yes
9828-QHFBK;Male;No;Yes;DSL;Yes;No;No;No;No;No;Yes
3908-MKIMJ;Male;Yes;No;DSL;Yes;Yes;Yes;No;No;No;Yes
5012-YSPJJ;Male;Yes;Yes;DSL;No;No;Yes;Yes;No;No;No
5909-ECHUI;Female;No;Yes;DSL;No;No;No;No;No;Yes;Yes
1309-BXVOQ;Male;Yes;Yes;Fiber optic;No;No;Yes;Yes;Yes;Yes;Yes
6728-VOIFY;Female;Yes;Yes;Fiber optic;No;Yes;No;No;Yes;Yes;Yes
9317-WZPGV;Female;No;Yes;Fiber optic;No;No;No;No;No;Yes;Yes
4891-NLUBA;Female;Yes;No;DSL;No;Yes;Yes;Yes;Yes;Yes;Yes
2856-HYAPG;Female;No;Yes;Fiber optic;No;No;No;No;No;No;No
8969-PRHFK;Male;No;Yes;No;No internet service;No internet service;No internet service;No internet service;No internet service;No internet service;No
0661-KQHNK;Female;Yes;Yes;No;No internet service;No internet service;No internet service;No internet service;No internet service;No internet service;No
8709-KRDVL;Female;No;Yes;Fiber optic;No;Yes;No;No;Yes;Yes;Yes
4488-PSYCG;Male;No;Yes;No;No internet service;No internet service;No internet service;No internet service;No internet service;No internet service;No
1427-VERSM;Female;Yes;Yes;Fiber optic;No;No;Yes;Yes;Yes;Yes;Yes
9801-NOSHQ;Male;No;Yes;No;No internet service;No internet service;No internet service;No internet service;No internet service;No internet service;No
6339-YPSAH;Male;No;Yes;Fiber optic;No;No;Yes;No;No;No;Yes
3621-CEOVK;Female;Yes;Yes;Fiber optic;No;Yes;No;No;Yes;Yes;Yes
6906-ANDWJ;Male;Yes;Yes;Fiber optic;No;No;No;No;No;No;Yes
2159-TURXX;Male;No;Yes;No;No internet service;No internet service;No internet service;No internet service;No internet service;No internet service;No
1548-FEHVL;Male;Yes;Yes;Fiber optic;Yes;Yes;No;No;Yes;Yes;Yes
3795-CAWEX;Male;Yes;Yes;Fiber optic;Yes;Yes;Yes;Yes;Yes;Yes;Yes
6215-NQCPY;Male;No;Yes;Fiber optic;Yes;No;No;No;Yes;Yes;Yes
5647-URDKA;Male;Yes;Yes;No;No internet service;No internet service;No internet service;No internet service;No internet service;No internet service;No
2229-DPMBI;Female;Yes;Yes;No;No internet service;No internet service;No internet service;No internet service;No internet service;No internet service;No
9626-WEQRM;Female;No;No;DSL;Yes;No;No;No;No;No;Yes
2188-SXWVT;Female;No;Yes;DSL;Yes;Yes;No;No;No;No;No
6258-PVZWJ;Male;Yes;Yes;DSL;Yes;Yes;Yes;Yes;Yes;Yes;Yes
1094-BKOSX;Female;Yes;No;DSL;No;Yes;Yes;Yes;No;Yes;No
6969-MVBAI;Female;No;Yes;Fiber optic;No;No;Yes;No;Yes;No;Yes
2978-XXSOG;Female;No;Yes;DSL;Yes;No;No;Yes;No;No;Yes
2342-CKIAO;Female;No;Yes;No;No internet service;No internet service;No internet service;No internet service;No internet service;No internet service;No
6953-PBDIN;Male;Yes;Yes;DSL;No;Yes;Yes;Yes;Yes;No;No
3898-BSJYF;Female;No;Yes;DSL;Yes;No;Yes;Yes;No;Yes;No
3938-YFPXD;Male;No;Yes;DSL;Yes;No;Yes;Yes;Yes;Yes;No
7696-AMHOD;Female;Yes;Yes;DSL;No;Yes;Yes;No;Yes;Yes;No
2453-SAFNS;Female;No;Yes;DSL;No;Yes;No;Yes;Yes;No;No
9558-IHEZX;Female;No;Yes;Fiber optic;Yes;Yes;Yes;No;Yes;Yes;Yes
9617-UDPEU;Female;No;Yes;No;No internet service;No internet service;No internet service;No internet service;No internet service;No internet service;Yes
6340-DACFT;Female;Yes;Yes;No;No internet service;No internet service;No internet service;No internet service;No internet service;No internet service;No
4955-VCWBI;Female;Yes;Yes;No;No internet service;No internet service;No internet service;No internet service;No internet service;No internet service;No
6813-GZQCG;Female;Yes;Yes;No;No internet service;No internet service;No internet service;No internet service;No internet service;No internet service;Yes
7426-GSWPO;Male;No;Yes;Fiber optic;Yes;Yes;No;No;Yes;Yes;Yes
3389-KTRXV;Female;Yes;Yes;No;No internet service;No internet service;No internet service;No internet service;No internet service;No internet service;No
3118-UHVVQ;Female;Yes;Yes;No;No internet service;No internet service;No internet service;No internet service;No internet service;No internet service;No
1031-IIDEO;Female;No;Yes;Fiber optic;No;No;No;No;No;No;Yes
5832-XKAES;Male;No;Yes;Fiber optic;No;No;No;No;No;No;Yes
3205-MXZRA;Male;No;Yes;DSL;No;No;No;Yes;Yes;No;No
4701-AHWMW;Male;Yes;No;DSL;No;No;Yes;Yes;Yes;Yes;Yes
8317-BVKSO;Male;No;Yes;No;No internet service;No internet service;No internet service;No internet service;No internet service;No internet service;Yes
5702-KVQRD;Male;Yes;Yes;DSL;Yes;No;Yes;Yes;Yes;Yes;Yes
0083-PIVIK;Male;No;Yes;DSL;Yes;Yes;Yes;Yes;Yes;No;No
9210-IAHGH;Female;No;Yes;DSL;No;No;No;Yes;Yes;Yes;Yes
6169-PGNCD;Female;No;Yes;DSL;Yes;Yes;Yes;Yes;Yes;No;Yes
0023-XUOPT;Female;Yes;Yes;Fiber optic;No;Yes;Yes;No;Yes;No;No
4592-IWTJI;Female;Yes;No;DSL;Yes;No;No;No;No;No;No
4909-JOUPP;Male;Yes;Yes;Fiber optic;No;Yes;Yes;Yes;Yes;Yes;No
4657-FWVFY;Female;Yes;Yes;Fiber optic;No;Yes;Yes;No;Yes;No;Yes
2257-BOVXD;Male;Yes;Yes;DSL;No;No;No;Yes;Yes;No;Yes
7729-JTEEC;Male;Yes;Yes;DSL;No;No;No;No;No;No;Yes
7632-MNYOY;Male;No;Yes;Fiber optic;No;Yes;Yes;Yes;Yes;Yes;No
6518-LGAOV;Female;Yes;Yes;Fiber optic;No;No;Yes;Yes;Yes;Yes;Yes
7242-QZLXF;Male;No;No;DSL;No;No;No;No;No;No;Yes
4576-CSAJH;Male;No;Yes;DSL;No;Yes;No;Yes;No;No;Yes
1000-AJSLD;Male;No;Yes;No;No internet service;No internet service;No internet service;No internet service;No internet service;No internet service;Yes
9696-RMYBA;Male;No;Yes;Fiber optic;No;No;No;No;Yes;No;Yes
8690-UPCZI;Male;Yes;Yes;DSL;Yes;No;No;Yes;Yes;No;No
1062-LHZOD;Male;Yes;Yes;Fiber optic;No;No;No;No;No;No;Yes
9770-LXDBK;Female;No;Yes;No;No internet service;No internet service;No internet service;No internet service;No internet service;No internet service;No
4086-WITJG;Male;Yes;Yes;No;No internet service;No internet service;No internet service;No internet service;No internet service;No internet service;No
8344-WFMFH;Male;No;Yes;DSL;No;Yes;No;No;No;No;Yes
9600-NAXZN;Male;No;Yes;Fiber optic;No;Yes;No;No;Yes;Yes;Yes
8822-KNBHV;Female;No;Yes;DSL;Yes;Yes;Yes;No;Yes;Yes;Yes
8404-FYDIB;Male;No;Yes;Fiber optic;Yes;Yes;No;No;No;No;Yes
2791-SFVEW;Female;No;Yes;No;No internet service;No internet service;No internet service;No internet service;No internet service;No internet service;No
6457-USBER;Male;No;Yes;Fiber optic;No;No;No;No;No;Yes;Yes
6762-NSODU;Female;Yes;Yes;No;No internet service;No internet service;No internet service;No internet service;No internet service;No internet service;No
4662-EKDPQ;Male;No;Yes;DSL;No;No;No;No;No;Yes;No
9248-OJYKK;Male;No;Yes;Fiber optic;No;No;No;No;No;No;Yes
9888-ZCUMM;Male;Yes;No;DSL;Yes;No;Yes;Yes;Yes;Yes;Yes
3398-FSHON;Female;No;Yes;Fiber optic;No;Yes;No;No;Yes;No;Yes
3319-DWOEP;Male;Yes;Yes;Fiber optic;No;No;Yes;No;Yes;Yes;Yes
1074-WVEVG;Female;Yes;Yes;No;No internet service;No internet service;No internet service;No internet service;No internet service;No internet service;No
9979-RGMZT;Female;No;Yes;Fiber optic;No;Yes;No;No;Yes;Yes;Yes
6437-UDQJM;Female;Yes;Yes;DSL;Yes;Yes;Yes;No;Yes;Yes;Yes
1226-IENZN;Male;No;Yes;Fiber optic;No;No;No;No;No;Yes;Yes
2108-GLPQB;Male;Yes;Yes;DSL;No;No;Yes;No;No;No;No
9259-PACGQ;Female;Yes;Yes;DSL;Yes;Yes;No;Yes;No;No;No
4415-IJZTP;Female;No;Yes;Fiber optic;No;No;No;No;No;No;Yes
1465-VINDH;Female;Yes;Yes;Fiber optic;No;Yes;Yes;No;Yes;Yes;Yes
5474-LAMUQ;Male;Yes;Yes;No;No internet service;No internet service;No internet service;No internet service;No internet service;No internet service;No
3468-DRVQJ;Female;Yes;Yes;DSL;Yes;Yes;No;No;Yes;No;No
1122-YJBCS;Male;Yes;Yes;DSL;Yes;Yes;No;No;No;No;Yes
4990-ALDGW;Male;No;Yes;No;No internet service;No internet service;No internet service;No internet service;No internet service;No internet service;No
4816-OKWNX;Male;Yes;Yes;Fiber optic;No;Yes;Yes;Yes;Yes;Yes;Yes
3315-IKYZQ;Male;Yes;No;DSL;Yes;No;Yes;Yes;Yes;No;No
2810-FTLEM;Female;No;Yes;DSL;Yes;No;No;No;No;No;Yes
4747-LCAQL;Male;No;Yes;DSL;Yes;Yes;No;Yes;Yes;Yes;Yes
3411-WLRSQ;Female;Yes;Yes;Fiber optic;No;Yes;No;No;No;No;Yes
0898-XCGTF;Male;Yes;Yes;Fiber optic;No;No;No;No;Yes;Yes;Yes
8006-PYCSW;Female;No;Yes;No;No internet service;No internet service;No internet service;No internet service;No internet service;No internet service;No
8249-THVEC;Male;Yes;Yes;No;No internet service;No internet service;No internet service;No internet service;No internet service;No internet service;No
8722-PRFDV;Female;Yes;Yes;DSL;Yes;No;Yes;No;Yes;Yes;No
2164-SOQXL;Female;Yes;Yes;No;No internet service;No internet service;No internet service;No internet service;No internet service;No internet service;No
4020-KIUDI;Male;Yes;Yes;No;No internet service;No internet service;No internet service;No internet service;No internet service;No internet service;No
5850-BDWCY;Female;No;Yes;No;No internet service;No internet service;No internet service;No internet service;No internet service;No internet service;No
2038-YSEZE;Female;No;Yes;DSL;Yes;Yes;No;Yes;No;No;No
0827-ITJPH;Male;No;Yes;No;No internet service;No internet service;No internet service;No internet service;No internet service;No internet service;Yes
8799-OXZMD;Female;No;No;DSL;No;No;Yes;No;No;No;Yes
1925-TIBLE;Female;Yes;Yes;Fiber optic;No;No;No;No;Yes;No;Yes
1705-GUHPV;Female;No;Yes;No;No internet service;No internet service;No internet service;No internet service;No internet service;No internet service;No
4779-ZGICK;Male;Yes;Yes;No;No internet service;No internet service;No internet service;No internet service;No internet service;No internet service;No
0048-PIHNL;Female;Yes;Yes;No;No internet service;No internet service;No internet service;No internet service;No internet service;No internet service;No
0818-OCPZO;Male;No;Yes;Fiber optic;No;Yes;No;No;No;No;Yes
3967-KXAPS;Male;Yes;Yes;DSL;Yes;Yes;Yes;Yes;Yes;Yes;No
1447-GIQMR;Male;Yes;Yes;Fiber optic;No;No;No;No;No;No;Yes
3704-IEAXF;Female;Yes;No;DSL;No;Yes;No;Yes;Yes;Yes;No
6810-VCAEX;Female;No;No;DSL;Yes;Yes;No;Yes;No;No;No
0674-EYYZV;Female;No;Yes;DSL;No;No;No;No;Yes;No;Yes
4480-MBMLB;Female;No;Yes;Fiber optic;No;Yes;Yes;No;Yes;Yes;Yes
1395-OFUWC;Male;Yes;No;DSL;No;Yes;No;No;No;No;No
0822-QGCXA;Female;Yes;Yes;DSL;No;Yes;Yes;Yes;Yes;Yes;No
0872-NXJYS;Female;No;Yes;Fiber optic;No;No;No;No;No;Yes;Yes
2832-KJCRD;Female;No;Yes;Fiber optic;No;No;Yes;Yes;Yes;Yes;Yes
3588-WSTTJ;Female;No;Yes;Fiber optic;Yes;No;No;No;Yes;Yes;Yes
4075-WKNIU;Female;Yes;Yes;DSL;No;Yes;Yes;Yes;Yes;No;No
5090-EMGTC;Female;Yes;Yes;Fiber optic;No;Yes;No;Yes;Yes;Yes;Yes
2346-CZYIL;Male;No;Yes;No;No internet service;No internet service;No internet service;No internet service;No internet service;No internet service;No
3798-EPWRR;Female;No;Yes;DSL;No;No;No;No;No;No;No
6258-NGCNG;Male;No;Yes;No;No internet service;No internet service;No internet service;No internet service;No internet service;No internet service;No
4186-ZBUEW;Female;No;Yes;DSL;No;Yes;No;Yes;No;Yes;Yes
5274-XHAKY;Female;Yes;Yes;Fiber optic;Yes;Yes;No;No;Yes;No;Yes
1442-BQPVU;Female;No;No;DSL;No;Yes;No;No;No;No;No
3978-YNKDD;Male;No;Yes;No;No internet service;No internet service;No internet service;No internet service;No internet service;No internet service;No
4940-KHCWD;Female;Yes;No;DSL;Yes;Yes;No;Yes;No;No;No
9412-ARGBX;Female;No;Yes;Fiber optic;No;Yes;Yes;Yes;Yes;No;Yes
1389-CXMLU;Male;No;Yes;Fiber optic;No;No;Yes;No;Yes;No;No
9589-ABEPT;Male;Yes;Yes;Fiber optic;No;Yes;No;Yes;Yes;No;Yes
9388-ZEYVT;Male;No;No;DSL;No;No;Yes;Yes;No;Yes;No
0305-SQECB;Female;No;No;DSL;Yes;No;No;Yes;No;No;Yes
7605-SNLQG;Female;Yes;Yes;DSL;No;No;Yes;No;No;No;Yes
4670-TABXH;Male;Yes;Yes;Fiber optic;No;Yes;Yes;Yes;Yes;Yes;Yes
5561-NWEVX;Female;Yes;Yes;Fiber optic;No;No;Yes;No;No;No;No
0064-SUDOG;Female;Yes;Yes;No;No internet service;No internet service;No internet service;No internet service;No internet service;No internet service;No
8561-NMTBD;Female;Yes;Yes;Fiber optic;No;Yes;Yes;Yes;Yes;Yes;Yes
5161-XEUVX;Male;Yes;Yes;Fiber optic;No;No;Yes;Yes;Yes;No;No
8292-FRFZQ;Female;No;No;DSL;Yes;Yes;No;Yes;No;No;No
8591-NXRCV;Female;No;Yes;DSL;Yes;No;Yes;Yes;No;Yes;Yes
7895-VONWT;Female;No;No;DSL;No;No;Yes;No;Yes;Yes;Yes
4526-RMTLL;Male;Yes;Yes;DSL;Yes;Yes;No;Yes;No;Yes;Yes
6253-GNHWH;Female;Yes;Yes;DSL;Yes;Yes;Yes;Yes;No;No;No
4566-NECEV;Male;No;Yes;Fiber optic;No;Yes;Yes;No;No;Yes;No
8080-POTJR;Female;No;Yes;DSL;Yes;No;Yes;No;Yes;Yes;Yes
6906-MPARY;Male;No;Yes;Fiber optic;No;Yes;No;Yes;No;Yes;Yes
3662-FXJFO;Female;No;Yes;No;No internet service;No internet service;No internet service;No internet service;No internet service;No internet service;Yes
8107-RZLNV;Male;Yes;Yes;Fiber optic;No;Yes;Yes;No;Yes;Yes;Yes
0516-OOHAR;Male;Yes;Yes;Fiber optic;No;Yes;Yes;No;Yes;Yes;No
2027-CWDNU;Male;Yes;Yes;Fiber optic;No;No;No;Yes;No;Yes;Yes
2737-WFVYW;Female;No;No;DSL;No;No;No;No;Yes;Yes;Yes
9912-OMZDS;Female;Yes;Yes;Fiber optic;No;Yes;Yes;No;Yes;Yes;Yes
3733-ZEECP;Male;Yes;Yes;DSL;No;No;No;Yes;No;No;Yes
7878-RTCZG;Female;No;Yes;No;No internet service;No internet service;No internet service;No internet service;No internet service;No internet service;No
2452-MRMZF;Female;Yes;Yes;No;No internet service;No internet service;No internet service;No internet service;No internet service;No internet service;Yes
2272-QAGFO;Female;No;Yes;Fiber optic;No;No;No;No;No;No;Yes
7103-IPXPJ;Male;Yes;Yes;Fiber optic;No;No;No;Yes;Yes;Yes;No
4342-HFXWS;Female;Yes;Yes;DSL;Yes;No;Yes;Yes;Yes;No;No
3545-CNWRG;Female;Yes;Yes;Fiber optic;No;Yes;No;No;Yes;Yes;Yes
1785-BPHTP;Male;Yes;Yes;Fiber optic;No;No;Yes;No;Yes;No;No
4989-LIXVT;Male;No;Yes;Fiber optic;No;Yes;Yes;No;No;Yes;Yes
7315-WYOAW;Male;No;Yes;Fiber optic;No;No;No;Yes;Yes;Yes;No
1173-XZPYF;Female;No;Yes;Fiber optic;No;No;Yes;No;Yes;No;Yes
9850-OWRHQ;Female;Yes;Yes;Fiber optic;No;No;No;No;No;No;Yes
3768-NLUBH;Male;Yes;Yes;Fiber optic;No;No;Yes;No;Yes;Yes;No
8676-TRMJS;Male;No;Yes;Fiber optic;No;No;No;No;No;No;No
2509-TFPJU;Male;Yes;Yes;No;No internet service;No internet service;No internet service;No internet service;No internet service;No internet service;No
9530-GRMJG;Male;Yes;Yes;DSL;No;Yes;Yes;Yes;Yes;Yes;Yes
6898-RBTLU;Female;Yes;Yes;DSL;No;Yes;No;Yes;Yes;Yes;No
5481-NTDOH;Female;Yes;Yes;Fiber optic;Yes;No;Yes;No;Yes;Yes;Yes
2068-WWXQZ;Male;No;Yes;No;No internet service;No internet service;No internet service;No internet service;No internet service;No internet service;No
7359-SSBJK;Female;No;Yes;DSL;Yes;Yes;No;Yes;Yes;No;Yes
2061-VVFST;Female;Yes;Yes;No;No internet service;No internet service;No internet service;No internet service;No internet service;No internet service;No
0685-MLYYM;Female;No;Yes;Fiber optic;No;No;No;No;No;No;No
0749-IRGQE;Female;Yes;No;DSL;No;No;No;No;Yes;Yes;No
2380-DAMQP;Female;Yes;Yes;Fiber optic;Yes;Yes;Yes;Yes;Yes;Yes;No
2256-YLYLP;Male;Yes;Yes;DSL;No;No;Yes;Yes;Yes;Yes;Yes
1272-ILHFG;Male;Yes;Yes;No;No internet service;No internet service;No internet service;No internet service;No internet service;No internet service;No
0164-XAIRP;Female;No;Yes;No;No internet service;No internet service;No internet service;No internet service;No internet service;No internet service;Yes
5666-CYCYZ;Female;No;Yes;Fiber optic;No;No;No;Yes;No;Yes;Yes
4011-ARPHK;Male;No;Yes;DSL;Yes;No;No;No;No;No;No
8182-PNAGI;Male;No;Yes;DSL;No;No;No;Yes;No;No;No
6365-HITVU;Female;Yes;Yes;DSL;Yes;Yes;Yes;Yes;Yes;Yes;No
7558-IMLMT;Male;Yes;Yes;No;No internet service;No internet service;No internet service;No internet service;No internet service;No internet service;Yes
9488-FYQAU;Female;Yes;Yes;Fiber optic;No;Yes;Yes;Yes;Yes;Yes;Yes
3590-TCXTB;Male;No;Yes;No;No internet service;No internet service;No internet service;No internet service;No internet service;No internet service;No
6994-KERXL;Male;No;Yes;DSL;No;No;No;No;No;Yes;Yes
7957-RYHQD;Female;No;Yes;Fiber optic;Yes;Yes;No;No;No;No;Yes
2180-DXNEG;Female;No;Yes;Fiber optic;No;No;Yes;No;Yes;Yes;Yes
1960-UOTYM;Male;Yes;Yes;DSL;Yes;Yes;Yes;No;Yes;Yes;No
2740-JFBOK;Male;No;Yes;No;No internet service;No internet service;No internet service;No internet service;No internet service;No internet service;Yes
6500-JVEGC;Male;No;Yes;Fiber optic;Yes;Yes;Yes;No;Yes;No;No
5515-AKOAJ;Female;No;Yes;Fiber optic;No;No;No;Yes;Yes;Yes;Yes
8976-OQHGT;Female;Yes;Yes;DSL;No;Yes;No;Yes;No;No;No
5245-VDBUR;Female;Yes;No;DSL;Yes;No;Yes;No;No;No;No
6230-BSUXY;Female;No;Yes;Fiber optic;No;No;Yes;No;No;Yes;Yes
8469-SNFFH;Male;Yes;Yes;DSL;Yes;Yes;Yes;Yes;Yes;No;No
2144-ESWKO;Male;No;No;DSL;Yes;No;Yes;No;No;No;Yes
1241-FPMOF;Male;No;Yes;No;No internet service;No internet service;No internet service;No internet service;No internet service;No internet service;No
9928-BZVLZ;Female;No;No;DSL;Yes;No;Yes;Yes;No;Yes;No
4114-QMKVN;Female;Yes;Yes;DSL;Yes;Yes;No;No;No;Yes;No
2775-SEFEE;Male;No;Yes;DSL;Yes;Yes;No;Yes;No;No;Yes
9003-CPATH;Male;No;Yes;Fiber optic;No;No;Yes;No;No;No;No
1754-GKYPY;Male;Yes;Yes;Fiber optic;No;No;No;No;Yes;Yes;Yes
5294-CDGWY;Male;Yes;No;DSL;Yes;Yes;Yes;No;Yes;Yes;No
7956-XQWGU;Male;No;Yes;No;No internet service;No internet service;No internet service;No internet service;No internet service;No internet service;Yes
1591-MQJTP;Male;Yes;Yes;Fiber optic;Yes;No;Yes;No;No;Yes;Yes
5295-PCJOO;Male;No;Yes;DSL;Yes;No;No;No;No;No;Yes
2369-FEVNO;Male;No;Yes;No;No internet service;No internet service;No internet service;No internet service;No internet service;No internet service;Yes
9863-JZAIC;Male;No;Yes;DSL;No;No;No;No;Yes;No;No
7471-MQPOS;Male;Yes;Yes;DSL;No;Yes;Yes;Yes;No;Yes;Yes
7660-HDPJV;Female;No;Yes;Fiber optic;No;No;No;No;No;No;Yes
5115-SQAAU;Female;Yes;Yes;No;No internet service;No internet service;No internet service;No internet service;No internet service;No internet service;Yes
9845-QOMAD;Male;Yes;Yes;No;No internet service;No internet service;No internet service;No internet service;No internet service;No internet service;No
7672-VFMXZ;Male;Yes;Yes;DSL;Yes;No;No;Yes;No;No;No
9739-JLPQJ;Female;Yes;Yes;Fiber optic;Yes;Yes;Yes;Yes;Yes;Yes;No
9916-AYHTC;Male;No;Yes;No;No internet service;No internet service;No internet service;No internet service;No internet service;No internet service;No
3855-ONCAR;Female;Yes;Yes;Fiber optic;No;No;No;No;Yes;No;Yes
1488-SYSFC;Male;Yes;Yes;No;No internet service;No internet service;No internet service;No internet service;No internet service;No internet service;Yes
7931-PXHFC;Male;No;Yes;DSL;No;No;Yes;Yes;No;Yes;Yes
3990-QYKBE;Male;Yes;Yes;Fiber optic;No;No;No;No;Yes;Yes;Yes
0970-QXPXW;Female;No;Yes;No;No internet service;No internet service;No internet service;No internet service;No internet service;No internet service;No
3259-KNMRR;Male;No;Yes;DSL;No;Yes;Yes;No;Yes;Yes;Yes
6120-RJKLU;Female;Yes;Yes;DSL;Yes;No;Yes;Yes;Yes;Yes;Yes
9572-WUKSB;Male;Yes;No;DSL;No;No;No;Yes;No;No;Yes
5893-KCLGT;Female;No;Yes;No;No internet service;No internet service;No internet service;No internet service;No internet service;No internet service;Yes
0076-LVEPS;Male;No;No;DSL;Yes;Yes;Yes;Yes;No;No;Yes
3640-JQGJG;Male;Yes;Yes;DSL;No;No;No;No;No;No;No
4919-MOAVT;Male;No;Yes;Fiber optic;No;No;No;No;No;No;No
1596-OQSPS;Female;No;Yes;DSL;No;Yes;No;No;No;No;No
9867-XOBQA;Female;No;No;DSL;Yes;Yes;Yes;Yes;Yes;No;No
9546-KDTRB;Female;No;Yes;No;No internet service;No internet service;No internet service;No internet service;No internet service;No internet service;No
3090-HAWSU;Male;No;Yes;Fiber optic;Yes;No;Yes;Yes;Yes;Yes;Yes
9820-RMCQV;Female;No;Yes;DSL;Yes;No;No;No;No;No;No
3174-RKMOW;Male;Yes;Yes;Fiber optic;No;Yes;Yes;Yes;Yes;Yes;Yes
1760-CAZHT;Male;No;Yes;No;No internet service;No internet service;No internet service;No internet service;No internet service;No internet service;No
7839-QRKXN;Female;No;Yes;No;No internet service;No internet service;No internet service;No internet service;No internet service;No internet service;Yes
8441-SHIPE;Female;No;Yes;No;No internet service;No internet service;No internet service;No internet service;No internet service;No internet service;Yes
5204-QZXPU;Male;No;No;DSL;No;No;Yes;No;Yes;No;Yes
4597-ELFTS;Male;No;Yes;No;No internet service;No internet service;No internet service;No internet service;No internet service;No internet service;No
1320-GVNHT;Male;Yes;Yes;Fiber optic;Yes;Yes;Yes;No;Yes;Yes;Yes
1047-RNXZV;Male;No;Yes;No;No internet service;No internet service;No internet service;No internet service;No internet service;No internet service;No
3541-ZNUHK;Female;Yes;Yes;Fiber optic;Yes;Yes;No;No;No;No;Yes
8450-JOVAH;Male;Yes;Yes;DSL;Yes;No;No;No;No;No;No
8725-JEDFD;Male;No;Yes;Fiber optic;No;No;No;No;No;No;Yes
7562-UXTPG;Female;No;Yes;Fiber optic;No;No;No;No;No;No;Yes
8071-SBTRN;Female;No;Yes;Fiber optic;Yes;Yes;Yes;No;Yes;Yes;Yes
1113-IUJYX;Female;Yes;Yes;Fiber optic;Yes;Yes;No;Yes;Yes;Yes;No
6668-CNMFP;Female;Yes;Yes;Fiber optic;No;No;No;Yes;No;Yes;Yes
5626-MGTUK;Female;No;Yes;Fiber optic;Yes;No;No;No;Yes;No;Yes
5681-LLOEI;Male;Yes;Yes;Fiber optic;Yes;No;Yes;Yes;No;No;Yes
8212-DJRCH;Male;Yes;Yes;Fiber optic;Yes;No;Yes;No;No;Yes;Yes
4323-OHFOW;Female;Yes;Yes;Fiber optic;No;Yes;No;Yes;Yes;Yes;Yes
4933-BSAIP;Female;Yes;Yes;No;No internet service;No internet service;No internet service;No internet service;No internet service;No internet service;No
2030-BTZRO;Male;Yes;Yes;No;No internet service;No internet service;No internet service;No internet service;No internet service;No internet service;Yes
1116-DXXDF;Male;No;Yes;Fiber optic;Yes;No;Yes;No;Yes;Yes;Yes
9274-CNFMO;Male;Yes;Yes;Fiber optic;No;No;No;No;No;No;No
7758-XKCBS;Male;No;No;DSL;No;No;No;Yes;No;No;Yes
8992-JQYUN;Male;Yes;No;DSL;No;No;Yes;No;Yes;Yes;Yes
6563-VNPMN;Female;No;Yes;Fiber optic;Yes;Yes;No;Yes;No;No;Yes
0617-AQNWT;Female;Yes;No;DSL;Yes;No;Yes;Yes;No;Yes;No
2267-WTPYD;Female;Yes;Yes;Fiber optic;No;Yes;Yes;No;No;Yes;No
0270-THENM;Male;Yes;Yes;DSL;Yes;Yes;Yes;Yes;No;No;No
2446-PLQVO;Male;No;Yes;Fiber optic;No;No;No;No;No;No;Yes
4707-MAXGU;Male;Yes;Yes;No;No internet service;No internet service;No internet service;No internet service;No internet service;No internet service;No
2710-WYVXG;Female;No;Yes;DSL;Yes;Yes;No;Yes;No;Yes;No
3005-NFMTA;Male;No;Yes;Fiber optic;Yes;No;No;No;Yes;Yes;Yes
6300-BWMJX;Female;Yes;Yes;Fiber optic;No;No;Yes;Yes;Yes;No;No
8784-CGILN;Female;No;Yes;Fiber optic;No;No;No;Yes;Yes;Yes;Yes
5389-FFVKB;Male;Yes;Yes;Fiber optic;No;No;No;No;No;Yes;Yes
7009-LGECI;Female;No;Yes;DSL;Yes;No;No;No;No;No;Yes
8444-WRIDW;Female;No;Yes;Fiber optic;No;Yes;No;No;No;No;Yes
5022-KVDQT;Male;No;Yes;Fiber optic;No;No;Yes;No;No;No;Yes
7976-CICYS;Male;No;Yes;No;No internet service;No internet service;No internet service;No internet service;No internet service;No internet service;Yes
1036-GUDCL;Male;Yes;Yes;DSL;Yes;Yes;No;Yes;Yes;Yes;Yes
2005-DWQZJ;Female;Yes;Yes;No;No internet service;No internet service;No internet service;No internet service;No internet service;No internet service;No
8148-WOCMK;Male;Yes;Yes;No;No internet service;No internet service;No internet service;No internet service;No internet service;No internet service;No
7815-PDTHL;Male;No;Yes;No;No internet service;No internet service;No internet service;No internet service;No internet service;No internet service;Yes
9451-LPGOO;Male;No;Yes;Fiber optic;No;No;No;No;No;Yes;Yes
9173-IVZVP;Female;Yes;Yes;No;No internet service;No internet service;No internet service;No internet service;No internet service;No internet service;No
9129-UXERG;Female;No;Yes;Fiber optic;No;Yes;No;Yes;Yes;Yes;Yes
3635-JBPSG;Female;No;No;DSL;No;Yes;No;No;No;Yes;Yes
7964-ZRKKG;Male;Yes;Yes;Fiber optic;No;Yes;No;No;Yes;No;Yes
5868-YWPDW;Male;Yes;Yes;Fiber optic;No;Yes;No;No;No;Yes;Yes
6229-LSCKB;Male;No;Yes;Fiber optic;No;No;No;No;Yes;No;Yes
2025-JKFWI;Male;No;Yes;Fiber optic;No;No;No;Yes;Yes;Yes;Yes
4078-SAYYN;Female;No;Yes;Fiber optic;No;No;Yes;No;Yes;Yes;Yes
1724-IQWNM;Male;No;Yes;No;No internet service;No internet service;No internet service;No internet service;No internet service;No internet service;Yes
8217-QYOHV;Male;No;Yes;DSL;Yes;No;No;Yes;No;No;Yes
5546-QUERU;Male;No;Yes;No;No internet service;No internet service;No internet service;No internet service;No internet service;No internet service;Yes
9940-HPQPG;Female;Yes;Yes;Fiber optic;Yes;Yes;Yes;No;No;No;No
6897-UUBNU;Male;No;Yes;Fiber optic;No;Yes;No;Yes;Yes;No;No
6127-IYJOZ;Male;No;Yes;DSL;No;No;No;No;No;No;Yes
6618-RYATB;Female;No;Yes;Fiber optic;No;No;Yes;No;No;No;Yes
8930-XOTDP;Female;Yes;Yes;DSL;No;No;No;No;Yes;No;No
5916-QEWPT;Female;Yes;Yes;DSL;No;No;Yes;No;Yes;Yes;No
5060-TQUQN;Male;Yes;Yes;Fiber optic;No;Yes;No;Yes;No;No;Yes
0531-XBKMM;Male;No;Yes;DSL;Yes;Yes;No;Yes;No;No;No
8465-SBRXP;Male;Yes;Yes;Fiber optic;No;No;Yes;Yes;Yes;No;Yes
2408-PSJVE;Male;Yes;Yes;DSL;No;Yes;Yes;Yes;No;No;Yes
9079-YEXQJ;Female;No;Yes;Fiber optic;No;Yes;Yes;Yes;Yes;Yes;No
9700-ZCLOT;Male;No;Yes;No;No internet service;No internet service;No internet service;No internet service;No internet service;No internet service;No
8738-JOKAR;Female;No;Yes;DSL;Yes;Yes;No;Yes;No;Yes;Yes
4534-WGCIR;Female;Yes;Yes;No;No internet service;No internet service;No internet service;No internet service;No internet service;No internet service;No
1930-WNXSB;Male;Yes;Yes;Fiber optic;No;Yes;No;No;Yes;Yes;Yes
2685-SREOM;Female;Yes;Yes;Fiber optic;No;No;Yes;No;No;Yes;Yes
3508-CFVZL;Female;No;Yes;Fiber optic;Yes;Yes;Yes;Yes;Yes;Yes;No
0402-CQAJN;Female;No;Yes;Fiber optic;No;Yes;Yes;No;Yes;Yes;Yes
6692-UDPJC;Female;Yes;Yes;Fiber optic;No;No;No;Yes;Yes;No;Yes
1273-MTETI;Female;No;Yes;Fiber optic;No;No;Yes;No;No;Yes;Yes
0657-DOGUM;Female;Yes;Yes;DSL;Yes;No;No;Yes;No;No;Yes
5480-HPRRX;Female;No;No;DSL;No;No;No;No;No;No;No
8792-AOROI;Female;Yes;Yes;DSL;Yes;No;No;Yes;No;Yes;No
0295-PPHDO;Male;No;Yes;Fiber optic;No;No;No;No;Yes;Yes;Yes
5146-YYFRZ;Male;No;Yes;No;No internet service;No internet service;No internet service;No internet service;No internet service;No internet service;No
1195-OIYEJ;Male;No;Yes;Fiber optic;No;No;No;No;Yes;Yes;Yes
5906-CVLHP;Female;Yes;Yes;DSL;No;Yes;No;Yes;No;No;Yes
3452-SRFEG;Male;No;Yes;Fiber optic;No;No;No;No;No;No;Yes
4070-OKWVH;Female;Yes;Yes;Fiber optic;No;Yes;Yes;No;Yes;No;No
5297-MDOIR;Female;Yes;Yes;Fiber optic;Yes;No;Yes;No;No;No;Yes
6369-MCAKO;Female;Yes;Yes;DSL;Yes;Yes;Yes;Yes;Yes;Yes;Yes
4926-UMJZD;Female;Yes;Yes;DSL;No;No;No;Yes;No;No;Yes
6848-HJTXY;Female;Yes;Yes;No;No internet service;No internet service;No internet service;No internet service;No internet service;No internet service;No
6341-AEVKX;Female;Yes;Yes;Fiber optic;Yes;No;Yes;Yes;Yes;Yes;Yes
4501-EQDRN;Female;No;Yes;Fiber optic;No;No;No;No;No;No;No
2990-HWIML;Female;No;Yes;Fiber optic;No;No;No;No;Yes;Yes;Yes
0682-USIXD;Female;Yes;Yes;Fiber optic;No;No;No;Yes;Yes;No;Yes
6976-BWGLQ;Female;Yes;Yes;No;No internet service;No internet service;No internet service;No internet service;No internet service;No internet service;No
7078-NVFAM;Female;Yes;No;DSL;Yes;Yes;No;No;No;No;Yes
8065-QBYTO;Female;No;Yes;Fiber optic;Yes;Yes;No;Yes;Yes;No;Yes
2133-TSRRM;Female;No;Yes;Fiber optic;Yes;Yes;Yes;No;Yes;Yes;Yes
7384-GHBPI;Male;Yes;No;DSL;No;No;No;No;No;Yes;Yes
7603-USHJS;Male;No;Yes;Fiber optic;No;No;No;No;No;No;Yes
7234-FECYN;Female;No;Yes;Fiber optic;No;No;Yes;No;Yes;Yes;No
2511-ALLCS;Female;Yes;Yes;No;No internet service;No internet service;No internet service;No internet service;No internet service;No internet service;No
3191-CSNMG;Female;Yes;Yes;Fiber optic;No;No;No;No;Yes;No;Yes
7952-OBOYL;Male;No;Yes;Fiber optic;No;No;Yes;Yes;Yes;No;Yes
7470-DYNOE;Male;No;Yes;DSL;No;No;Yes;No;No;Yes;Yes
7853-OETYL;Female;Yes;No;DSL;Yes;No;No;No;No;No;Yes
1545-ACTAS;Female;Yes;Yes;Fiber optic;Yes;No;Yes;No;Yes;Yes;Yes
5876-HZVZM;Female;Yes;Yes;DSL;Yes;Yes;No;No;No;No;No
1400-MMYXY;Male;Yes;Yes;Fiber optic;No;Yes;Yes;No;Yes;Yes;Yes
5126-RCXYW;Male;Yes;No;DSL;No;No;Yes;Yes;No;Yes;No
3085-QUOZK;Female;No;Yes;DSL;No;No;No;No;No;No;No
2363-BJLSL;Male;No;Yes;DSL;No;Yes;Yes;Yes;Yes;Yes;Yes
1956-YIFGE;Male;Yes;Yes;Fiber optic;No;Yes;Yes;No;Yes;Yes;Yes
3926-CUQZX;Male;No;Yes;DSL;No;No;No;No;No;No;Yes
7921-LMDFQ;Male;No;Yes;Fiber optic;No;No;Yes;No;Yes;Yes;Yes
2925-MXLSX;Female;No;Yes;DSL;No;Yes;Yes;No;Yes;No;Yes
5820-PTRYM;Female;Yes;Yes;DSL;Yes;Yes;Yes;Yes;No;No;Yes
9609-BENEA;Male;Yes;Yes;DSL;No;Yes;No;Yes;Yes;No;Yes
6211-WHMYA;Female;No;No;DSL;No;Yes;No;Yes;Yes;No;Yes
4459-BBGHE;Male;No;No;DSL;No;No;No;No;Yes;Yes;Yes
9945-PSVIP;Female;Yes;Yes;No;No internet service;No internet service;No internet service;No internet service;No internet service;No internet service;Yes
1041-RXHRA;Female;No;Yes;Fiber optic;No;No;No;No;No;No;No
1750-CSKKM;Male;No;Yes;DSL;No;No;No;No;Yes;No;No
9108-EJFJP;Female;Yes;Yes;DSL;Yes;Yes;No;No;No;No;Yes
0530-IJVDB;Male;No;Yes;Fiber optic;Yes;Yes;Yes;Yes;Yes;Yes;Yes
0508-SQWPL;Female;Yes;Yes;No;No internet service;No internet service;No internet service;No internet service;No internet service;No internet service;Yes
2215-ZAFGX;Male;No;Yes;Fiber optic;No;No;No;No;Yes;No;Yes
8213-TAZPM;Female;Yes;Yes;Fiber optic;No;Yes;Yes;Yes;Yes;Yes;Yes
7142-HVGBG;Male;Yes;Yes;Fiber optic;No;Yes;Yes;No;Yes;Yes;Yes
1304-SEGFY;Female;Yes;Yes;Fiber optic;No;No;Yes;No;Yes;Yes;Yes
7242-EDTYC;Male;No;Yes;No;No internet service;No internet service;No internet service;No internet service;No internet service;No internet service;No
2904-GGUAZ;Female;Yes;Yes;Fiber optic;Yes;Yes;No;No;No;No;Yes
8267-ZNYVZ;Female;Yes;Yes;Fiber optic;Yes;No;Yes;Yes;Yes;Yes;Yes
5136-GFPMB;Male;No;Yes;Fiber optic;No;No;Yes;No;No;Yes;No
2595-KIWPV;Male;No;Yes;No;No internet service;No internet service;No internet service;No internet service;No internet service;No internet service;No
5243-SAOTC;Male;No;Yes;Fiber optic;No;Yes;No;No;No;No;Yes
9398-MMQTO;Male;No;Yes;Fiber optic;No;Yes;No;No;No;No;No
7619-PLRLP;Female;Yes;Yes;DSL;Yes;Yes;Yes;No;No;Yes;No
6457-GIRWB;Male;No;Yes;Fiber optic;No;No;No;No;No;No;Yes
6508-NJYRO;Male;Yes;Yes;No;No internet service;No internet service;No internet service;No internet service;No internet service;No internet service;No
1450-SKCVI;Female;No;Yes;Fiber optic;No;Yes;No;No;No;No;Yes
4710-NKCAW;Male;Yes;Yes;DSL;Yes;Yes;No;Yes;No;No;No
5306-BVTKJ;Male;Yes;Yes;DSL;No;Yes;Yes;No;No;No;Yes
0357-NVCRI;Female;No;Yes;No;No internet service;No internet service;No internet service;No internet service;No internet service;No internet service;No
5570-PTWEH;Female;Yes;Yes;Fiber optic;No;No;No;No;No;No;Yes
2371-KFUOG;Male;No;Yes;Fiber optic;Yes;Yes;No;No;Yes;Yes;No
0463-ZSDNT;Male;No;Yes;DSL;No;No;No;No;No;Yes;Yes
6502-MJQAE;Male;No;Yes;Fiber optic;No;No;No;No;No;No;Yes
6257-DTAYD;Male;Yes;Yes;Fiber optic;No;Yes;No;Yes;Yes;Yes;Yes
4616-ULAOA;Female;Yes;Yes;Fiber optic;No;Yes;Yes;Yes;Yes;Yes;Yes
7693-LCKZL;Male;Yes;Yes;Fiber optic;No;Yes;No;No;No;No;Yes
7746-AWNQW;Female;No;No;DSL;No;No;Yes;Yes;No;No;Yes
5996-EBTKM;Female;Yes;Yes;DSL;No;No;Yes;Yes;No;Yes;Yes
2758-RNWXS;Male;No;Yes;Fiber optic;Yes;No;No;Yes;No;Yes;Yes
2314-TNDJQ;Female;Yes;No;DSL;Yes;Yes;Yes;Yes;No;Yes;No
2405-LBMUW;Female;Yes;No;DSL;Yes;Yes;No;Yes;No;Yes;Yes
3454-JFUBC;Male;No;Yes;No;No internet service;No internet service;No internet service;No internet service;No internet service;No internet service;Yes
0032-PGELS;Female;Yes;No;DSL;Yes;No;No;No;No;No;No
9039-ZVJDC;Male;No;Yes;No;No internet service;No internet service;No internet service;No internet service;No internet service;No internet service;Yes
6797-LNAQX;Male;Yes;Yes;Fiber optic;No;Yes;No;No;Yes;Yes;No
9013-AQORL;Female;No;No;DSL;No;Yes;Yes;No;No;Yes;No
2898-MRKPI;Male;Yes;Yes;Fiber optic;No;Yes;No;No;Yes;Yes;Yes
2750-BJLSB;Female;No;Yes;Fiber optic;Yes;No;Yes;Yes;Yes;Yes;Yes
3648-GZPHF;Male;Yes;No;DSL;No;No;Yes;Yes;No;No;Yes
2075-RMJIK;Female;Yes;Yes;DSL;Yes;No;No;No;No;No;Yes
9588-YRFHY;Male;No;Yes;No;No internet service;No internet service;No internet service;No internet service;No internet service;No internet service;Yes
6394-MFYNG;Female;No;Yes;Fiber optic;No;Yes;Yes;No;Yes;Yes;Yes
1564-NTYXF;Female;No;Yes;Fiber optic;No;No;No;No;No;Yes;Yes
9364-YKUVW;Male;No;Yes;No;No internet service;No internet service;No internet service;No internet service;No internet service;No internet service;Yes
5392-AKEMH;Female;No;Yes;DSL;No;No;No;No;No;No;Yes
2451-YMUXS;Male;No;Yes;DSL;Yes;Yes;No;Yes;No;No;Yes
3914-FDRHP;Male;No;Yes;Fiber optic;No;No;No;Yes;Yes;No;No
3078-ZKNTS;Female;Yes;Yes;No;No internet service;No internet service;No internet service;No internet service;No internet service;No internet service;Yes
1024-KPRBB;Female;No;Yes;Fiber optic;No;No;No;No;Yes;Yes;Yes
4690-PKDQG;Female;Yes;Yes;Fiber optic;No;Yes;Yes;No;Yes;No;Yes
8155-IBNHG;Female;Yes;Yes;Fiber optic;No;No;No;No;No;No;Yes
0886-QGENL;Female;Yes;Yes;Fiber optic;Yes;No;Yes;No;Yes;Yes;Yes
9547-ITEFG;Male;Yes;Yes;Fiber optic;No;Yes;Yes;No;Yes;Yes;Yes
1264-FUHCX;Female;Yes;No;DSL;No;Yes;No;Yes;Yes;Yes;Yes
7789-CRUVC;Female;Yes;Yes;Fiber optic;Yes;Yes;Yes;Yes;No;No;Yes
6598-KELSS;Male;No;No;DSL;Yes;Yes;No;No;Yes;No;Yes
8739-WWKDU;Male;No;Yes;Fiber optic;No;Yes;No;No;Yes;No;Yes
8685-WHQPW;Female;No;Yes;Fiber optic;No;No;No;No;No;No;Yes
4745-LSPLO;Male;No;Yes;No;No internet service;No internet service;No internet service;No internet service;No internet service;No internet service;No
8083-YTZES;Male;No;Yes;Fiber optic;No;No;No;No;No;No;Yes
7240-FQLHE;Female;Yes;Yes;Fiber optic;No;No;No;Yes;Yes;Yes;No
6664-FPDAC;Female;No;Yes;Fiber optic;No;Yes;Yes;Yes;Yes;Yes;Yes
9972-VAFJJ;Female;Yes;Yes;Fiber optic;No;Yes;Yes;Yes;Yes;No;Yes
0422-UXFAP;Female;Yes;Yes;Fiber optic;No;No;Yes;No;Yes;Yes;Yes
1904-WAJAA;Female;Yes;Yes;DSL;Yes;Yes;Yes;No;No;No;No
5130-YPIRV;Female;Yes;Yes;DSL;Yes;Yes;Yes;No;Yes;No;Yes
2843-CQMEG;Male;No;Yes;DSL;No;Yes;No;No;No;No;Yes
6439-PKTRR;Female;Yes;Yes;DSL;Yes;Yes;Yes;Yes;Yes;No;No
5351-QESIO;Male;No;No;DSL;No;No;No;No;No;No;No
0786-VSSUD;Male;No;No;DSL;No;Yes;No;No;Yes;No;Yes
5568-DMXZS;Female;No;Yes;DSL;No;Yes;No;Yes;Yes;No;Yes
8468-FZTOE;Female;Yes;Yes;DSL;Yes;Yes;Yes;Yes;No;Yes;Yes
6633-SYEUS;Female;No;Yes;Fiber optic;No;Yes;Yes;Yes;No;No;No
6447-GORXK;Male;No;No;DSL;No;No;No;No;No;No;No
6967-PEJLL;Male;Yes;No;DSL;Yes;No;Yes;Yes;No;No;Yes
3976-BWUCK;Female;Yes;Yes;Fiber optic;No;Yes;No;Yes;Yes;No;Yes
5981-ZVXOT;Female;No;Yes;Fiber optic;Yes;Yes;Yes;No;Yes;Yes;Yes
1684-FLBGS;Female;Yes;Yes;DSL;No;Yes;No;Yes;Yes;No;Yes
1389-WNUIB;Female;Yes;Yes;DSL;Yes;No;No;No;Yes;Yes;No
0376-OIWME;Male;Yes;Yes;Fiber optic;Yes;No;No;No;Yes;Yes;Yes
3585-ISXZP;Female;No;Yes;Fiber optic;No;No;No;No;Yes;Yes;No
0218-QNVAS;Male;Yes;Yes;Fiber optic;No;Yes;No;No;Yes;Yes;No
6583-QGCSI;Female;Yes;Yes;Fiber optic;No;Yes;No;No;Yes;No;Yes
0804-YGEQV;Female;Yes;Yes;No;No internet service;No internet service;No internet service;No internet service;No internet service;No internet service;Yes
7164-BPTUT;Male;No;Yes;DSL;Yes;Yes;Yes;Yes;Yes;Yes;No
4174-LPGTI;Female;Yes;Yes;DSL;No;Yes;No;Yes;No;Yes;Yes
2523-EWWZL;Female;Yes;Yes;Fiber optic;No;Yes;No;No;No;No;Yes
0928-XUTSN;Female;No;Yes;Fiber optic;No;No;No;No;No;Yes;Yes
2108-XWMPY;Male;No;No;DSL;Yes;Yes;No;No;No;No;Yes
0052-YNYOT;Female;No;Yes;No;No internet service;No internet service;No internet service;No internet service;No internet service;No internet service;No
6304-IJFSQ;Male;No;Yes;DSL;No;Yes;No;No;No;No;Yes
9586-JGQKH;Female;Yes;Yes;Fiber optic;No;Yes;No;Yes;Yes;Yes;Yes
4501-VCPFK;Male;No;No;DSL;No;No;Yes;Yes;No;No;No
6075-SLNIL;Male;No;Yes;Fiber optic;No;Yes;Yes;No;No;Yes;Yes
9347-AERRL;Male;Yes;Yes;No;No internet service;No internet service;No internet service;No internet service;No internet service;No internet service;No
0093-XWZFY;Male;No;Yes;Fiber optic;No;Yes;Yes;No;Yes;Yes;Yes
2274-XUATA;Male;Yes;No;DSL;Yes;Yes;Yes;Yes;Yes;Yes;Yes
1980-KXVPM;Female;No;Yes;Fiber optic;No;No;No;No;No;No;Yes
7703-ZEKEF;Male;No;Yes;Fiber optic;No;No;Yes;No;No;No;Yes
0723-DRCLG;Female;Yes;Yes;Fiber optic;No;No;No;No;No;No;Yes
5482-NUPNA;Female;No;Yes;DSL;Yes;Yes;No;Yes;No;No;Yes
6691-CCIHA;Female;Yes;Yes;DSL;Yes;Yes;No;Yes;Yes;Yes;Yes
1685-BQULA;Female;No;Yes;Fiber optic;No;Yes;Yes;No;Yes;No;Yes
9053-EJUNL;Male;No;Yes;Fiber optic;No;Yes;No;No;Yes;No;Yes
0666-UXTJO;Male;Yes;Yes;Fiber optic;No;No;Yes;No;Yes;No;Yes
1471-GIQKQ;Female;No;Yes;DSL;No;Yes;No;No;No;No;No
4807-IZYOZ;Female;No;Yes;No;No internet service;No internet service;No internet service;No internet service;No internet service;No internet service;No
1122-JWTJW;Male;Yes;Yes;Fiber optic;No;No;No;No;No;No;Yes
9710-NJERN;Female;No;Yes;No;No internet service;No internet service;No internet service;No internet service;No internet service;No internet service;No
9837-FWLCH;Male;Yes;Yes;No;No internet service;No internet service;No internet service;No internet service;No internet service;No internet service;Yes
1699-HPSBG;Male;No;Yes;DSL;No;No;No;Yes;Yes;No;Yes
7203-OYKCT;Male;No;Yes;Fiber optic;No;Yes;Yes;No;Yes;Yes;Yes
1035-IPQPU;Female;Yes;Yes;Fiber optic;No;Yes;Yes;No;Yes;Yes;Yes
7398-LXGYX;Male;Yes;Yes;Fiber optic;Yes;No;Yes;No;No;No;Yes
2823-LKABH;Female;No;Yes;Fiber optic;No;No;Yes;Yes;No;Yes;Yes
8775-CEBBJ;Female;No;Yes;DSL;No;No;No;No;No;No;Yes
0550-DCXLH;Male;No;Yes;DSL;No;Yes;No;Yes;Yes;Yes;No
9281-CEDRU;Female;Yes;Yes;DSL;No;Yes;No;Yes;Yes;No;No
2235-DWLJU;Female;No;No;DSL;No;No;No;No;Yes;Yes;Yes
0871-OPBXW;Female;No;Yes;No;No internet service;No internet service;No internet service;No internet service;No internet service;No internet service;Yes
3605-JISKB;Male;Yes;Yes;DSL;Yes;Yes;No;No;No;No;No
6894-LFHLY;Male;No;Yes;Fiber optic;No;No;No;No;No;No;Yes
9767-FFLEM;Male;No;Yes;Fiber optic;No;No;No;No;No;No;Yes
0639-TSIQW;Female;No;Yes;Fiber optic;Yes;Yes;Yes;No;Yes;No;Yes
8456-QDAVC;Male;No;Yes;Fiber optic;No;No;No;No;Yes;No;Yes
7750-EYXWZ;Female;No;No;DSL;No;Yes;Yes;Yes;Yes;Yes;No
2569-WGERO;Female;No;Yes;No;No internet service;No internet service;No internet service;No internet service;No internet service;No internet service;Yes
6840-RESVB;Male;Yes;Yes;DSL;Yes;No;Yes;Yes;Yes;Yes;Yes
2234-XADUH;Female;Yes;Yes;Fiber optic;No;Yes;Yes;No;Yes;Yes;Yes
4801-JZAZL;Female;Yes;No;DSL;Yes;No;No;No;No;No;Yes
8361-LTMKD;Male;Yes;Yes;Fiber optic;No;No;No;No;No;No;Yes
3186-AJIEK;Male;No;Yes;Fiber optic;Yes;No;Yes;Yes;Yes;Yes;Yes